0,0,0,0
0.4,0,0,0
0,0,0,0
0,0,0,0
0,0,0,0
0,0,0,0
0,0,0,0
0,0,0,0
0,0,0,0
0,0,0,0
0,3.2,0,0
0,1,0.6,0
0,0.4,0.8,0
0,1,4,5.8
6.6,7.8,1.8,4.2
3.4,1.8,0.4,0
0,0,0,0
0,0,0,0
0,0,0,0
0,0,0,0
0,0,0,0
0,0,0,0
0,0,0,0
0,0,0,0
0,0,0,0
0,0,0,0
0,0,0,0
0,0,0,0
0,0,0,0
0,0,0,0
0,0,0,0
0,0,0,0
0,0,0,0
0,0,0,0
0,0,0,0
0,0,0,0
0,0,0,0
0,0,0,0
0,0,0,0
0,0,0,0
1.4,4.2,3.2,5.2
7.6,8.6,4.8,2.8
13,14.4,15.2,9.2
7.8,0.8,0,0
0,0,0,0
0,0,0.6,1
0,2.8,5.4,2.6
10.4,9.4,7.2,0.2
0,1,1.4,8.4
8.4,11.8,5,2.2
0.4,0.4,4.6,2
0,0,0,0
0,0,0,0
0,0,0,0
0,0,0,0
0,0,0,0
0,0,0,0
0,0,0,0
0,0,0,0
0,0,0,0
0,0,0,0
0,0,0,0
0,0,0,0
0,0,0,0
0,0,0,0
0,0,0,0
0,0,0,0
0,0,0,0
0,0,0,0
0,0,0,0
0,0,0,0
0,0,0,0
0,0,0,0
0,0,0,0
0,0,0,0
0,0,0,0
0,0,0.4,0.2
0,0,0,0
0,0,0,0
0,0,0,0
0,0,0,0
0,0,0,0
0,0,0,0
0,0,0,1.2
2,0,0,0
0,0.2,0,0
4.2,9.6,4.8,0
0,0.6,0,0
0,0,0,1
0,0,0,0
0,0,0,0
0,0,0,0
1.6,6.2,1.2,0
0,0,5.6,0
0,0,1.4,2.8
0,0,0,0
0,0,0,0
0,1.4,5.8,1
0,2,18.4,32.6
8.2,3.8,0,0
0,0,0,0
0,0,0,0
0.2,0,0,0
0,0,0,0
0,0,0,0
0,0,0,0
0,0,0,0
0,0,0,0
0,0,0,0
0,0,0,0
0,0,0,0
0,0,0,0
0,0,0,0
0,0,0,0
0,0,0,0
0,0,0,0
0,0,0,0
0,0,0,0
0,0,0,0
0,0,0,0
0,0,0,0
0,0,0,0
0,0,5.4,14.8
2.4,0,0,3.4
0,0,0,0
0.6,0,0,0
0,0,0,0
0,0,0,0
0,0,0,0
0,0,0,0
0,0,0,0
0,0,1.4,5.8
0,24.4,0,0
0,0,0,0
0,0,0.4,1.6
0.2,0,0,0
0,0.2,7.4,4.6
1.4,0,6.2,36.4
0,0.8,6.4,0.6
0,0,0,0
0,0,0,0
0,0,0,0
0,0,0,0
0,0,0,0
0,0,0,0
0,0,0,0
0,0,0,0
0,0,2.4,0
0,0,4.4,0
0,0,0,0
0,0,0,0
0,0,0,0
0,0,0,0
0,0,0,0
0,5.8,4.8,1.8
0,0.2,0,0
0,0,0,0
0,0,0,0
0.4,4.2,0,0.2
0,0,0,0.4
0,0,0,0
0,0,0,0
0,0,0,0
0,0,0,0
0,0,0,0
0,1,0,6.8
0,0,0,0
0,0,0,0
0,0,0,0
0,5.6,7.2,1
0,0,0,0
0,0,0,0
0,0,0,0
0,0,0,0
0,0,0,0
0,0,0,0
5.2,0,1.2,2.4
0,0,0,0
0,0,0,0
0,0,0,0
0,0,0,0
0,0,0,0.6
0,0,0,0
0,0,0,0
0,0,0,0
0.4,0,0,0
0,0,0,0
0,0,0,0
0,0,1.2,0
0,0,0,0
0,0,0,0
0,0,0,0
0,0,0,0
0,0,0,0
0,0,0,0
0,0,0,0
0,0,0,1
0,0,0,0
0.8,0.8,3.4,0
0,2,0,0
0,0,0,0
0,2.4,0,0
0,0,0,0
0,0,0,0
0,0,0,0
0,0,7.2,0.6
0,0,0,0
0,0,0,0
0,0,0,0
0,0,0,0
0.6,6,10.4,0
0,0,0,0
0,0,0,0
0,0,0,0
0,0,0,0
0,0,0,0
0,0,0,0
0,0,0,0
3.2,0,0,0
0,0,0,0
11,0,0,0
0,0,0,0
0,0.4,0,0
0,0,0,0
0,0,0,0
0,0,0,0
0,0,0,0
0,0,0,0
0,0,0,0
0,0,0,0
0,0,0,0
0,0,0,0
0,0,0,0
0,0,0,0
0,0,3.4,0.6
1,20.6,139,4
0.2,7.4,0,0
0,0.2,0,3.6
0,4.4,0,0
0,0,0,0
0,0,0,0
0,0,0,0
0,0,0,0
0,0,0,0
0,0,0,20.2
5.6,0,0,0
0,0,0,0
0,0,0,12.4
0,0,0,0
0,0,0,0
0,0,0,0
0,0,0,0
0,0,0,0
0,0,0,0
0,0,0,0
0,0,0,0
0,0,0,0
0,0,0,0
0,0,0,0
0,0,0,0
0,0,0,0
0,0,0,0
0,0,0,0
0,0,0,0
0,0,0,0
0,0,5.4,0
0,0,0,0
0,0,0,1
0.2,0,0,0
0,0,0,0
0,0,0,0
0,0,0,0
0,0,0,0
0,0,0,0
0,0,0,0
0,0,0,0
0,0,0,0.2
0,1.6,16.6,5
7.8,0.8,0,0
0,0,0,0
0,0.4,0,0
0,0,0,0
0.4,0,9.4,24.2
0,3.4,8.6,2.6
3,8.6,0,0
0,0,0,0
0,0.2,2,4.4
6,4.8,9.6,5.2
0,0,0,0
0,0,6,0
0,0,0,0
0,0,0,0
0,0,0,0
0,0,0,0
0,0,0,0
4.6,11.8,1.4,0
0,0,0,3.6
0,0,0,0
0,0,0,0
0,1.2,0,0
0,0,0,0
0,6.6,2.2,2.6
0,0,0,0
0,0,0,0
0,0,0,0
0,0,0,0
0,0,0,0
0,0,0,0
0,0,0,0
0,0,0,0
0,0,0,0
0,0,0,0
0,0,0,2.4
0.2,2.8,0.2,0
0,0,0,0
0,0,0,0
0,0.8,0.2,0
0,0,0,0
0,0,0,0
0,0,0,0
0,0,0,0
0,0,0,0
0,0,0,0
0,0,0,0
0,0,0,0
0,0,0,1.6
0.6,2.2,1.4,4.6
12.8,36.4,18.8,3.2
0,6.4,1.4,0
0.2,0,0.6,0
0,0,0,0
0,0,4.6,4.2
2.8,4.2,1.6,0.4
0,0,0,0.8
1.4,4.4,0,0
0,0,0,0
0,0,0,0
0,0,0,3.6
4.2,8.2,12,14.4
2.8,0,0,0.6
0,0,0,0
0,0,0,0
0,0,0,0
0,0,0,0
0,0,0,0
0,0,0,0
0,0,0,0
0.4,0,0,0
0,0,0,0
0,0,0,0
0,0,0,0
0,0,0,0
0,0,0,0
0,0,0,0
0,0,0,0
0,0,0,0
0,0,0,0
0,0,0,0
0,0,0,0
0,0,0,0
0,0,0,0
0,0,0,0
0,0,0,0
0,0,0,0
0,0,0,0
0.2,0,0,0
0,0,0,0
0.6,0,0,0
0,0,0,0
0,0,0,0
2.6,2.2,3,1.8
0.4,0,0,0
0,0,0,0
0,0,0,0
0,0,0,0
0,0,0,0
0,0,0,0
0,0.6,0.8,5.2
7.6,9.6,15.2,19.6
18.8,11.4,1.4,0
0,0,0,0
0,0,0,0
0.6,0,0,0
0,0,0,0
0,0,0,0
0,0,0,0
0,0,0,0
0,0,0,0
0,0,0,0
0,0,0,0
0,0,0,0
0,0,0,0
0,0,0,0
0,0,0,0
0,0,0,0
0,0,0,0
0,0,0,0
0,0,0,0
0,0,0,0
0,0,0,0
0,0,0,0
0.8,5.4,2.8,2
7,2.2,0,0
0,0,0,0
0,0,0,0
0,0,0,0
0,0,0,0.2
0.8,4.2,0,0
0,0,0,0
0,0,0,0
0,0,0,0
0,0,0,0
0,0,0,0
0,0,0,0
0,0,0,0
0,0,0,0
0,0,0,0
0,0,0,0
0,0,0,0
0,0,0,0
0,0,0,0
0,0,0,0
0,0,0,0
0,0,0,0
0,0,0,0
0,0,0,0
0,0,0,0
0,0,0,0
0,0,0,2
1.6,2,0,0
0,0,0,0
0,0,0,0
0,0,0,0
0,0,0,0
0,0,0,0
0,0,0,0
0,0,0,0
0,0,0,0
0,0,0,0
0,0,0,0
0,0,0,0
0,0,0,0
0,0,0,0
0,0,0,0
0,0,0,0
0.6,0.4,0,1
3.4,9,0,0
0,0,0,0
0,0,0,0
0,0,0,0
0,0,0,0
0,0,0,0
0,0,0,0
0,0,0,0
0,4.2,17,15.6
8.4,7.8,10.6,7.8
1.6,0,3.2,0
0,0,0,0
0,0,0,0
1,0.2,0,0
0,0,0,1.2
1,0.6,2.4,2.6
3.6,8.2,5.8,0
0,0,0,0
0,0,0,0
0,0,0,0
0,0.4,0,0
0,0,11.4,8.8
3.2,3.4,0,0
0,0,0,0
0,0,0,0
0,0,0,0
0,0,0,0
0,0,0,0
0,0,0,0
0,0,0,0
0,0,0,0
0,0,0,0
0,0,0,0
0,0,0,0
0,0,0,0
0,0,0,0
0,0,0,0
0,0,1.2,2.8
0,0,0,1.6
1.4,2.8,0,0
0,8,7,0.4
0,0,0,2.2
1,0,2.2,0.8
0,0,2.2,2
1.4,0,0,0
0,0,0,0
0,0,0,0
0,0,0.4,0
0,0,0,2
2.8,0.8,2.8,2
5.6,9.2,0,0.4
1,1.4,0.8,1
0,0,2,1.8
0.2,0,0,17.4
9.4,0,0.6,5
0,0,0.2,3.8
0,0,4,0
0,2.8,12.4,3
9,4.8,1.4,9.2
0.4,0,0.6,0
0,0,0,0
0,0,0,0
0,0,0,0
0,0,0,0
0,0,0,0
0,0,0,0
0,0,0,17.8
0.4,9,4.2,0
0,0.4,8.4,5.2
0,0,0,0
0,0,0,0
0.2,0,0,0
0,0,0,0
0,0,0,0
0,0,0,8.2
28,13.8,0,0
0,0,1.6,5.2
5.8,1.8,1.4,0
0,0,0.2,0.2
0,0,0,0
0,0,0,0
0,0,0,0
0,0,0,0
0,0,0,5.2
2,0,6,2.4
0,0,0,0
0,0,14.6,1.2
0.6,0,0,25.8
1.2,0,0.6,0
0,0.2,0,0
0,0,0,0
0,0,0,0
0,0,0,0
0,0,0,0
0,13.8,0,11.4
13.4,0,0.6,2.2
0,0,0,0
0,0,24,0
0,0,0,0
0,0,0,0
0,0,0,0
0.4,0,5.4,0.4
0,0,0,0
0,9,5.4,0.8
0,0,0,0
0,0,0,0
0,0,0,0
0,0,0,0
0,0,0,0
0,0,0,0
0,0,0,0
0,0,0,0
0,0,0,0
0,0,0,0
0,0,0,0
1,0,0,0
0,0,0,0
0,0,0,0
0,0,0,0
0,0,0,0
0,0,0,0
0,0,0,0
0,0,0,0
0,0,0,0
0,0,5.4,0
0,0,0,0
0,0,0,0
0,0,0,0
0,0,0,0
0,0,0,0
0,0,0,0
0,0,0,0
0,0,0,0
0,0,0,0
0,0,0,0
0,15.2,13.8,0.2
0,0,0,0
0,0,0,0
0,0,0,0
0,0,0,0
0,0,0,0
0,0,0,0
0,0,0,0
0,0,0,0
0,0,0,0
0,0,0,0
0,0,0,0
0,0,0,0
0,0,0,0
0,0,0,0
0,0,0,0
0,0,0,0
0,0,0,9.6
0,7.8,5.8,0
0,0,0,0
0,0,0,1.8
0,0,0,0
0,0,0,0
0,0,0,0
0,0,0,0
0,0,0,5
0,0,0,0
0,0,0,0
0,0,0,0
3.6,0.4,0,0
0,0,0,0
0,0,0,0
0,0,0,0
0,0,0,0
0,0,0,0
0,0,0,0
0,0,0,0
0,0,0,0
0,0,0,0
0,0,0,0
0,0,0,0
0,0,8.8,1.4
0,0,8,0.4
0,0,0,0
0,0,0,0
0,0,0,0
0,0,0,0
0,0,0,0
0,0,0,0
0,0,0,0
0,0,0,0
0,0,0,0
0,0,0,0
0,0,0,0
0,0,0,0
0,0,0,0
0,0,0,0
0,0,0,0
0,0,0,0
0,0,0,0
0,0,0,0
0,0,0,0
0,0,0,0
0,0,0,0
0,0,0,0
0,0,0,0
0,0,0,0
0.2,0.2,0.4,0
0.2,3.2,3.2,18.4
46.2,26.4,12,11
0.2,0,0.2,2.2
16,6.8,9,4.2
1.8,0,0,0
0,0,0,0
0,0,0,0
0,0,0,0
16,10,0.4,16.6
0.4,0,0,0.4
0,0,0,0
0,0,0,0
0,0,0,0
0,0,0,0
0,0,0,0
0,0,0,0
0,0,0,0
0,0,0,0
0,0,0,0
0,0,0,0
0,0,0,0
0,0,0,0
0,0,0,0
0,0,0,0
0,0,0,0
0,0,0,0
0,0,0,0
0,0,0,0
0,0,0,0
0,0,0,0
0,0,0,0
0,0,0,0
0,0,0,0
0,0,0,0
0,0,0,0
0,0,0,0
0,0,0,0
0,0,0,0
0,0,0,0
0,0,0,0
0,0,0,0.2
0.4,0.6,0,0
0,0,0,0
0,0,0,0
0,0,0,0
0,0,0,0
0,0,0,0
0,0,0,0
0,0,0,0
0,0,0,0
0,0,0.4,0.2
3.6,14,13.4,15.2
15.8,8.8,4.8,0
0,0,0,0
0,0,0,0
0,0,0,0
0,0,0,0
0,0,0,0
0,0,0,0
0,0,0,0
0,0,0,0
0,0,0,0
0,0,0,0
0,0,0,0
0,0,0,0
0,0,0,0
0,0,0,0
0,0,0,0
0,0,0,0
0,0,0,0
0,0,0,0
0,0,0,0
0,0,0,0
0,0,0,0
0,0,0,0
0,0,0,0
0,0,0,0
0,0,0,0
0,0,0,0
0,0,0,0
0,0,0,0
0,0,0,0
0,0,0,0
0,0,0,0
0,0,0,0
0,0,0,0
0,0,0,0
0,0,0,0
0,0,0,0
0,0,0,0
0,0,0,0
0,0,0,0
0,0,0,0
0,0,0,0
0,0,0,0
0,0,0,0
0,0,0,0
0,0,0,0
0,0,0,0
0,0,0,0
0,0,0,0
0,0,0,0
0,0,0,0
0,1.8,1.2,0
0,0,0,0
0,0,0,0
0,0,0,0
0,0,0,0
0,0,0,0
0,0,0,0
0,0,0,0
0,0,0,0
0,0,0,0
0,0,0,0
0,0,0,0
0,0,0,0
0,0,0,0
0,0,0,0
0,0,0,0
0,0,0,0
0,0,0,0
0,0,0,0
0,0,0,0
0,0,0,0
0,0,0,0
0,0,0,0
0,0,0,0
0,0,0,0
0,0,0,0
0,0,0,0
0,0,0,0
0,0,0,0
0,0,0,0
0,0.6,0,0
0.6,2,1.8,6.2
7.6,6.6,2,5.4
11.2,11.2,6.8,0
10.2,8.2,2.6,18.8
0.4,0,0,0
0,0,0,0
0,0,0,0
0,0,0,0
0,0,0,0
3,1.8,0,0
0,0,0,0
0,0,0,0
0,0,0,0
0,0,0,0
0,0,0.8,0
0,0,0,0
0,0,0,0
0,0,0,0
0,0,0,0
0,0,0,0
0,0,0,0
0,0,0,0
0,0,0.4,4.4
1.4,1,1.4,0
0.4,5,1,0
0,0,0,0
0,0,0,9.8
6.6,2,0,0
0,0,0,0
0,0,0,0
0,0,0,0
0,0,0,0
0,0,0,0
0,0,0,0
0,0,0,0
0,0,0,0
0,0,0,0
0,0,0,0
0,0.2,0.8,0
0,0,0.2,0
0,0,9,15
4.8,13.6,10.8,30.4
12,1,0.8,0
0,0,0,0
0,0,0,0.6
4.4,1.8,3.4,18.4
1,0,0,0
0,0,0,0
0,0,0,0
0,2.6,14.8,21.2
6.6,20.2,7.6,0.4
0,0,0.8,1.8
0,0,0,0
0,0,8.6,1.8
10.6,8.4,1.8,0
0,0,1,11.8
0,1.4,1.8,1.2
3,0,0,0
0,0,0,0
0,0,0,0
0,0,0,0
0,0,0,0
0,0,0,0
0,0,0,0
0,0,0,0
0,0.6,1,2.6
0,0,0,0
0,0,0,0
0,0,0,0
0,0,0,0
0,0,0,0
0,0,0,0
0,0,0,0
0,0,0,0
0,0,0,0
0,0,0,0
0,0,0,0
0,0,0,0
0,0,0,0
0,0,0,0
11,0,0,0
2.8,0,0,0
0,0,0,0
0,0,0,0
0,0,0,0
0,0,0,0
0,0,0.2,1
0.4,0,0,0
0,0,0,0
0,0,0,0
2.6,1,0,0
0,0,0,0
0,0,0,0
0,0,0,0
0,0,0,0
0,0,0,0
0,0,0,0
0,0,0,0
0,0,0,0
0,0,11.2,0.4
0,0,0,0.4
0.2,3,4.6,3.4
0,0.2,0,7.4
0.2,0.4,0.6,0
0,0,0,0
0,0,0,0
0,0,0,0
0,0,0,0
0,0,0,0
0,0,0,0
0,0,0,0
0,0,0,5.8
3.4,0,0,0
0,0,0,0
0,0,0,0
0,0,0,0
0,0,0,10.6
1,0,0,0
0,0,0,0
0,0,0,0
0,0,0,2.6
2.2,0,0,0
0,0,0,0
0,0,0,0
0,0,0,0.6
0.2,0,0.2,1.2
15.4,0,0,0
0,0,0,0.6
0.2,0,0,0
0,0,0,6.4
5.2,0,0.2,0
0,0,1,20
6.8,5.2,1.8,2.2
0,0,0,0
0,0,0,0
0,0,0,2.4
0,0,0,20.2
0,0,0,0
9.4,29,14.2,15.6
0.2,0,3.6,0.4
0,0,0,0
0,0,0,0
0,0,0,8.2
0,0,0,0
0,0,0,0
0,0,0,0
0,0,0,0
0,0,0,0
0,0,0,0
0,0,0,0
0,0,0,0
0,0,0,0
0,0,0,0
0,0,0,0
0,0,0,0
0,0,0,0
0,0,0,0
0,0,0,0
0,0,0,0
0,0,0,0
0,0,0,0
0,0,0,0
0,0,0,0
0,0,0,0
0,0,0,0
0,0,0,0
0,0,0,0
1,1.4,0.8,0
0,0,0,0
0,0,0,0.6
21.6,1.4,0,0
0,0,0,0
0,0,0,0
0,0,0,8.2
0,0.4,0,0
0,0,0,0
0,0,21.4,21.8
0.2,0,0,0
0,0,0,0
0,0,0.4,0
0,0,0,0
0,0,0,1
0.2,0,0,0
0,0,0,0
0,0,0,0
0,0,0,38.6
0.6,0,0,0
0,0,0,0
0,0,0,0
0,0,0,0
0,0,0,0
0,0,0,0
3.6,7.2,3.8,0
0.2,0,3.4,12.8
0,7.6,0,0
0,0,0,0
0,0,0,0
0,0,0,0
0,0,0,0
3.4,2.6,0,0
0,0,0,0
0,9,7.8,0
0,0,0,0
0,0,1,0.4
0,0,0,0
0,0,0,0
0,0,0,0
0,0,0,0
0,0,0,0
0,0,0,0
0,0,0,0
0,0,0,0
0,0,0,0
0,0,0,0
0,0,0,0
0.4,6.8,2.4,4
2.4,1.4,0,0
0,0,0,0
0,0,0,0
0,0,0,0
0,0,0,0
0,0,0,0
0,0,0,0
0,0,0,0
0,0,0,0
0,0,0,0
0,0,0,0
0,0,0,0
0.4,2,0,0
0,0,0,0
0,0,0,0
0,0,0,0
0,0,0,0
0,0,0,0
0,0,0,0
0,0,0,0
0,0,0,0
0,0,0,0
0,0,0,0
0,0,0,0
0,0,0,0
0,0,0,0
0,0,0,0
0,0,0,0
0.2,0,0,0
0,0,0,0
0,0,0,0
0,0,0,0.2
0,0,0,0.6
2.6,3.6,0,0
0,0,0,0
0.2,0,0,0
0,0.2,0,1
1,0.2,0,0
4.4,4.6,6.8,2.4
0,0.2,0.2,0
0.4,0.2,0.8,16.8
18.8,2.8,0,0
0,0,0,0
0,0,0,0
0,0,0,0
0,0,0,0
0,0,0,0
0,0,0,0
0,0,0,0
0,0,0,0
0,0,0,0
0,0,0,0
0,0,0,0
0,0,0,1.2
0.8,0,0,0
0,0,0,0
0,0,0.8,1.2
0,1,2.6,0
0,0,0,0
0,0,0,0
0,0,0,0
0,0,0,0
0.2,0,0,0
0,0,0,0
0,0,0,0
0,0,0,0
0,0,0,0
0,0,0,0
0,0,0,0
0,0,0,0
0,0,0,0
0,0,0,0
0,0,0,0
0,0,0,0
0,0,0,0
0,0,0,0
0,0,0,0
0,0,0,0
0,0,0,0
0,0,0,1.6
0.6,2.6,0.6,0
0,0,1.6,1.6
0,0,0,0
0,0,1.8,0
2.4,0,0,0
0,0,0,1
0,0,1.2,2
0.8,0.4,0,5
0,0,0,0
0,0,0,0
0,0,0,0
0,0,0,0
0,0,0,0
0,0,0,0
0,0,0,0
0,0,0,0
0,0,0,0
0,0,0,0
0,0,0,0
0,0,0,0
0,0,0,0
0,0,0,0
0,0,0,0
0,0,0,0
0,0,0,0
0,0,0,0
0,0,0,0
0,0,0,0
0,0,0,0
0,0,0,0
0,0,0,0
0,0,0,0
0,0,0,0
0,0,0,0
0,0,0,0
0,0,0,0
0,0,0,0
0,0,0,0
0,0,0,0
0,0,0,0
0,0,0,0
0,0,0,0
0.4,0.4,0,0
0,0,0.4,4.4
3.4,5.2,1.6,1.2
0,2,0.6,3
0.2,4.8,0,0
0,0,0.2,0
0,0,0,0
0.4,1.2,0.2,0
0,0,0.2,0.2
0,0,0,0
0,0,0,0
0,0,0,0
0,0,0,0
0,0,0,0
0,0,0,0
0,0,0,0
3,4.2,0,0
2,0.6,0,0
0,0,0,0
0,0,0,0
0,0,0,0
0,0,0,0
0,0,0,0
0,0,0,0
0,0,0,0
0,0,0,0
0,0,0,0
0,0,0,0
0,0,0,0
0,0,0,0
0,0,0,0
0,0,0,0
0,0,0,0
0,0,0,0
0,0,0,0
0,0,0,0
0,0,0,0
0,0,0,0
0,0,0,0
0,0,0,0
0,0,0,0
0,0,0,0
7.6,2.4,0,0
0,0,0,0
0,0,0,0
0,0,0,0
0,0,0,0
0,0,0,0
0,0,0,0
0,0,0,0
0,0,0,0
0,0,0,0
0,0,0,0
0,0,0,0
0,0,0,0
0,0,0,0
0,0,0,0
0,0,0,0
9.2,0,0,2
3.4,1.8,0,0.2
0,0,0,4.8
0.2,0,1.2,0
0,0,0,0
0,0,0,0
0,0,0,0
0,0,0,0
0,0,0,0
3.2,3.8,7,2
1.4,0,0,0
0,0,1.6,0.4
0,8.6,10.6,6.6
10.2,3.4,1.4,0
0,0,6,28.4
24.4,11.6,5,0
0,0.2,0,0
0,0,0,0
0,0,0,0
0,0,0,0
0,0,6.8,1.2
0,0.4,0.8,0
0,0,0,0
0,0,0,1
12.4,7.4,5,2
0,0,0,0
1.2,3.2,7,0.6
0,0,0.6,0
0,0,2.8,2
3.2,1.4,0.6,0
0,0,0,0.4
0,0,0,0
0,0,0,0
0,0,0,0
0,0,0,0
0,0,0,0
0,0,0,0
0,0,0,0
0,0,0,0
0,0.2,0,0
0,0,0,0.2
0.4,0,0,0
0,0,0,0
0,0,0,0
0,0,0,0
0,0,0,0
0,0,0,0
0,0,0,0
0,0,0,0
0,0,0,13.2
0.8,0,0,0
0,0,0,0
0,0,0,0
0,0,0,0
0,0,0.2,0
0,34.8,0,0
0,0,0,0
0,6.4,0.2,0
0,0,0,0
0,0,0,10.2
24,12.2,6.8,1
0.2,0,0,0
0,0,0,0
0,0,0,0
0,0,0,0
0,0,0,0
0,0,0,0
0,0,0,0
0,0,0,0
0,0,0,0
0,0,0,0
0,0,0,0
0,0,0,0
0,5.8,0,0
0,0,0,2
0,0.8,8.8,0
0,0,0,0
0,0,0,0
0,0,0,0
0,3.4,2.6,0
0,0,0,0
3.8,0,0,0
0,0,0,43.4
0,0,0,0
0,0,0,0
0,1.2,0,0
0,0,0,0
0,0,14,10.2
0.8,0,0,0
0,0,0,0
2,0,0,0
0,0,0,0
0,0,0,0
0,0,0,0
0,0,0,0.8
2.8,0,0,0
0,0,0,0
0,0,0,0
0,0,0,0
0,0,0,16.8
23,1.6,5.8,59
0,0,0,0
0,0,0,0.2
0,0,0,0
0,0,0,0
0,0,0,0
0,0,0,0
0,0,0,0
0,0,0,0
0,0,0,0
0,0,0,0
0,0,0,0
0,0,0,0
0,0,0,0
0,0,0,0
0,0,0,0
0,0,0,0
0,0,0,0
0,0,0,0
0,0,0,0
0,0,0,0
0,0,0.8,0
0,0,0.2,0
0,0,0,0
0,0,0,0
0,0,0,0
0,0,0,0
0,0,0,0
0,0,0,0
0,0,0,0
0,0,0,0
0,0,0,0
0,0,0,0
0,0,0,0
0,0.6,22.8,6.2
0,0,0,0
0,0,0,0
0,0,0,0
0,0,0,0
0,0,0,0
0,0,3,0.4
0,0,0,0
0,0,0,0
0,0,0,2.2
0,0,0,0
0.4,0,0,0
0,0,0,0
0,0,0,0
0,0,0,0
0,0,0,0
0,0,0,0
0,0,0,0
0,0,0,0
0,0,0,0.2
0.4,0,0,0
0,0,0,0
0,0,0,0
0,0,0,0
0,0,0,0
0,0,0,0
0,4.8,0,8.8
33.8,0,0,0
0,0,0,0
0,0,0,0
0,0,0,0
0,0,0,0
0,0,0,0
0,0,0,0
0,0,0,0
0,0,0,0
0,0,0,0
0,0,0,0
0,0,0,0
0,0,0,0
0,0,0,0
0,0,0,0
0,0,0.8,0
0,0,0,0
0,0,0,0
0,0,0,0
0,0,0,0
0,0,0,0
0,0,0,0
0,0,0,0
0,0,0,0
0,0.4,0,0
0,0,0,0
0,0,0,0
0,0,0,0
0,0,0,0.2
0.2,0.4,0.2,0
0,0,0,0
0,0,0,0.2
1,5.6,3.2,4.8
0,0,0,0
0,0,0,0
4.4,0.2,0.6,0
0,0,0,0
0,0,0,0
0,0,0,0
0,0,0,0
0,1.6,3.4,0
0,0,0,0
0,0,0,0
0,0,0,0
14.2,20.6,28.6,8
0.2,0,1,0
3,0.2,0,0
0,0,0.2,0.6
0,0,0,0
0,0,0,0
0,0,0,0
0,0,0,0
0,0,0,0
0.8,3.6,6.6,0.4
0,0,4.4,5
2.8,0,0,0
0,0.6,12.2,12.4
4.2,0,0,0
0,0,0,0
1.6,0.6,0.2,1.8
0,0,0,0
0,0,0,10.4
6,0,0,0
0,0,0,0
0,0,0,0
0,0,0,0
0,0,0,0
0,0,0,0
0,0,0,0
0,0,0,0
0,0,1.2,0
0,0,0,0
0,0,0,0
0,1,0,0
0,0,0,0
0,0,0,0
0,0,0,0
0,0,0,0
0,0,0,0
0,0,0,2.4
0.4,0.2,0,0
11,2,3,0.6
0,0,0,0
0,0,1.6,1.8
18.4,19.4,0.2,0
0.2,0,0,0
0,0,0,0
0,0,0,0
0,0,0,0
0,0,0,0
0,0,0,0
0,0,0,0
0,0,0,0
0,0,0,0
0,0,0,0
0,0,0,0
0,0,0,0
0,0,0,1.8
4.6,18.2,26.8,11.2
5.8,1.4,0,0.4
0.6,0,0,0
0,0,0,0
0,0,0,0
0,0,0,0
0,0,0,0
0,0,0,0
0,0,0,0
0,0,0,0
0,0,0,0
0,0,0,0
0,0,0,0
0,0,0,0
0,0,0,0
0,0,0,0
0,0,0,0
0,0,0,1
0,0,0,0
0,0,0,0
0,0,0,0
0,0,0,0
0,0,0,0
0,0,0,0
0,0,0,0
0,0,0,0
1.6,3.6,4.2,4.6
2,0,0,0
0,0,0,0
0,0.2,0,0
0,0.2,0,0
0,0.4,0,0
0,0,0,0
0.6,0,0,0
0.8,4,1.8,4.2
3.8,10.6,7.2,9.2
8,4,0.4,0.6
0,0,0,0
0,0,0,0
0,0,0,0
0,0,0,0
0,0,0,0
0,0,0,0
0,0,0,0
0,0.2,0,0
0,0,0,0
0,0,0,0
0,0,0,0
0,0,0,0
0,0,0,0
0,0,0,0
0,0,0,0
0,0,0,0
0,0,0,0
0,0,0,0
0,0,0,0
0,0,0,0
0,0,0,0
0,0,0,0.2
0,1,0.6,0
0,0,0,0
0,4,0,0
0,0,0.6,1.6
0.6,1.8,3,0.8
0,0,0,0
0,0,0,0
0,0,0,0
0,0,0,0
0,0,0,0
0,0,0,0
0,0,0,0
0,0,0,0
0,0,0,0
0,0,0,0
0,0,0,0
0,0,0,0
0,0,0,0
0,0,0,0
0,0,0,0
0,0,0,0
0,0,0,0
0,0,0,0
2,1.2,0,0
0,0,0,0
0,0,0,0
0,0,0,0
0,0,0,0
0,6.6,6,9.2
0.8,0,1.4,1.2
0.6,3.2,3,0
2.4,13.4,1.4,7.2
0,0.4,0,0
0,0,0,1.2
0.6,0,0,0
0,0,0,0
0,0,0,0
0,0,0,0
0,0,0,0
0,0,0,0
0,0,0,0
0,0,0,0
0,0,0,0
0,0,1.2,0.2
0,0,5.6,5.6
0,0,0,0
0,0,4.8,1.4
0,0,0,0.8
0,0,0,0
0,0,0,0
0,0,0,0.4
1.2,0,0,0
0,0,0,0
0,0,0,0
0,0,0,0
0,0,0,0
0,0,0,0
0,0,0,0
0,1.2,5.4,5.8
6.2,0.8,0,0
0,0,0,0
0,0,0,0
0,0,0,0
0,0,0,0
0,0,0,0
0,0,0,0
0,0,0,0
0,0,0,0
0,0,0,0
0,0,0,0
0,0,22.8,6.8
6.2,1,0,0
0,0,0,0
0,0,2,0
0,0,3,0
0,0,0,0.2
0,0,1.6,0
0,0,0,0
0,0,0,0
0,0,0,0.4
0,0,0.2,0
0,0,3,0.4
0,0,0,0
0,0,0,0
0,0,0,4.4
0.6,2.6,5,3
0,5,2,0
0.2,4.6,10,0
0,0.2,0,7.6
0,0,0.8,0
0,0,0,0
0,0,0,0
0,3.8,5.8,2.8
7.4,5.8,0,0.6
2.6,0.6,2,0.4
0,0,0,0
0,0,0,0
0,0.2,0,0
0,0,0,0
1.6,0,0,0
0,0,0,0
0,0,0,0
0,0,0,0
0,0,0,0
0,0,0,0
0,0,0,0
0,0,0,0
0,0,0,0
0,0,0,0
0,0,0,0
0,0,0,0
0,0,0,0
0,0,0,50
0,0,0,0
0,0,0,0
0,0,0,0
0,0,0.4,0
0,0,0.2,0
0,1.2,12.8,0
1,0,0,0
5.4,4.8,6.4,2.2
0,0,1.2,3.2
0.2,0,0,0
0,0,0,0
0,0,0,0
0,0,0,0
0,0,0,0
0,0,0,0
0,0,0,0
0,0,0,0
0,0,0.6,0
1.8,0,6.6,0
0,0,0,0
1,0,0,0
0,0,0,0
0,0,0,0
0,0,0,0
0,0,0,0
0,0,0,0
0,0,0,0
0,0,0,0
0,0,0,0
0,0,0,0
0,0,0,0
0,0,0,0
0,0,0,0
0,0,0,0
0,0,0,0
0,0,0,0
0,0,0,0
0,0,0,0
0,0,0,0
0,0,0,0
0,0,1.2,8.4
0,0,0,0
0,0,0,0
0,0,0,0
0,0,0,0
0,8.2,2.8,0
0,0,0,0
0,0,0,0
0,0,0,0
0,0,0,0
0,0,0,0
0,0,0,0
0,0,0,0
0,13.2,0,0
0,0,0,0
0,0,0,5.6
0,0.2,0,4.4
0,0,0,0
0,0,0,0
0,0,0,0
0,0,0,0
0,0,0,0
0,2,6.6,6.4
0,0,0,0
0,0,0,0
0,0,0,0
0,0,0,0
0,0,0,0
0,0,0,0
0,0,0,0
0,0,0,0.4
0,0,0,0
0,0,0,0
0,0,0,0
0,0,0,0
0,0,0,0
0,14.6,5.6,0
0,0,0,0
0,0,0,0
0,0,0,0
0,0,0,0
0,0.2,0,0
0,0,0,0
0,0,0.4,0
0,0,0,0
0,0,0,0
0,0,0,0
0,0,0,0
0,0.2,0,0
0,0,0,0
0,0,0,0
0,0,0,0
0,0,0,0
0,0,0,0
0,0,0,0
0,0,0,0
0,0,0,0
0,0,0,0
0,0,0,0
0,0,0,0
0,0,0,0
0,0,0,0
0,0,0,0
0,0,0,0
0,0,0,0
0.8,38.8,0,2.2
55,11,0.2,0.2
2.2,0,0,0
0,0,0,0
0,0,0,0
0,0,0,0
0,0,0,0
0,0,0,0
0,0,0,0
0,0,0,0
0,0,0.2,0.6
0,0,0,0
0.2,0,0,0
0,0,0,0
3.8,11.6,0,0
0,0,0,0
0,0,1.6,5
3.6,14.6,27.4,7
2.8,11.2,4.8,0
0.4,0,0.4,0
0,0,0,0
0,0,0,0
0,0,0,0
0,0,0,0
0,2.2,8.8,4.8
0.2,4.2,4.4,6.2
1.8,0,0,0.4
0.2,0,0,0
0,0,0,0
0,0,18.4,3.8
15.2,11.6,0.4,0.8
0.4,3.6,3.8,1.8
0,1,9.8,0
0,0,0,0
0.2,0,0,0
0,0,0,0
0,0,0,0
0,0,0,0
0,0,0,0
0,0,0,0
0,0,0,0
0,0,0,0
0,0,0,0
0,0,0,0
0,0,0,0
0,0,0,0
0,0,0,0
0,0,0,0
0,0,0,0
2.2,1,0,0
0,0,0,0
0,0,0,0
0,0,0,0
5.4,1.6,1.4,0
0,0,0,0
0,0,0,0
0,0,0,0
0,0,0,0
0,0,0,0
0,0,0,0
0,0,0,0
0,0,0,0
0.2,0,1.8,20
17,0.2,0,0
0,3.4,7,0.8
0.4,1.8,2,0.2
0,0,0,0
0,0,0,0
0,0.2,0.6,0.8
3.8,2.2,0,0
0,0,0,0
0.6,0,0,0
0,0,0.8,0
0,0,0,0
0,0,0,0
0,0,0,0
0,0,0,0
0,0,0,0
0,0,0,0
0,0,0,0
0,0,0,0
0,0,0,0
0,0,0,0
0,0,0,0
0,0,0,0
0,0,0,0
0,0,0,0
0,0,0,0
0,0,0,0
0,0,0,0
0,0,0,0
0,0,0,0
0,0,0,0
0,0,0,0
0,0,0,0
0,0,0,0
0,0,0,0
0,0,0,0
0,0,0,0
0,0.6,0,0
0,0,0,0
0,0,0,0
0,0,0,0
0,0,0,0
0,0,0,0
0,0,0,0
0,0,0,0
0,0,0,0
0,0,0,0
0,0,0,0
0,0,0,0
0,0,0,0
0,0,0,0
0,0,0,0
0,0,0,0
0,0,0,0
0,0,0,0
0,0,0,0
0,0,0,2.2
2.2,2.8,0.4,6.6
16.8,2.2,0,0
0,0.4,0,0
0,0,0,0
0,0,0,0
0,0,0,0
0,0,0,0
0,0,0,0
0,0,0,0
0,0,0,0
0,0,0,0
0,0,0.8,0
0,0,0,0
0,0.2,0,0
0.6,3.8,0.8,0
0,0,0,0.2
0.2,0,0,0
0,0,0,0
0,0,0,0
0,0,0,0
0,0,0,0
0,0,0,0
0,0,0,0
0,0,0,0
0,0,0,0
0,0,0,0
0,0,0,0
0,0,0,0
0,0,0,0
0,0,0,0
0,0,0,0
0,0,0,4
0.8,2.8,0,0
0,0,0,0
0,0,0,0
0,6.2,12,10.2
1.6,0,0,0
0,0,0,0
0,0,0,0
0,0,0,0
0,0,0,0
0,0,0,0
0,0,0,0
0,0,0,0
0,0,0,0
0,0,0,0
0,0,0,0
0,0,0,0
0,0,0,0
0,0,0,0
0,0,0,0
0,0,0,0
0,0,0,0
0,0,0,0
0,0,0,0
0,0,0,0
0,0,0,0
0,0,0,0
0,0,0,0
0,0,0,0
0,0,0,0
0,0,0,0
0,0,0,0
0,0,0,0
0,0,0,0
0,0,0,0
0,0,0,0
0,0,0,0
0,0,0,0
0,0,0,0
0,0,0,0
0,0,0,0
0,0,0,0
0,0,0,0
0,0,0,11.4
0.2,0,0,0
0.6,0,0,0
0,0,0,0
0,0,0,0
0,0,0,0
0,0,0,0
0.2,1.8,2.4,0.6
4.6,10.8,8.6,2
6.2,0,7,0
0,0,0,0
0.2,1.4,10.2,3.4
2.4,1.8,12,3.4
0.8,9.6,9.6,3.6
4,0,1.2,0
2.8,0,0,0
0,8.2,0.4,0
0,0.4,0,0
0,0,0,0
0,0,0,0
0,0,0,0
0,0,0,0
0,0,0,0
0,9.4,16.4,0
0,1.4,9,0
0,0,0,0
0,0,0,0
0,0,0,0
0,0,0,0
0,0,0,0
0,0,0,0
0,0,0,0
0,0,0,0
0,0,0,0
0,0,0,0
0,0,0,0
0,0,2.2,0.4
8.6,8,0,0
0,0,0,0
0.4,0,0,0
0,0,0,0
0,0,0,0
0,0,0,0
0,0,0,0
6.6,1.2,0,0
0,0,0,0
0,0,0,0
0,0,0,0
0,0,0,0
0,0,0,0
0,0,0,0
0,0,0,0
0,0,0,0
0,0,0,0
0,0,0,0
0,0,0,0.6
0,0,0,0
0,0,0,1.6
6,0.2,1,0.8
0,0,0,0.8
0.2,0,3.6,2.6
0.6,0,0,0
0,0,0,0
0,0,0,0
0,0,0,0
3.2,0,0,0
0,0,0,0.2
0.2,0,0,0
3.4,0,6,41.2
0,0,1,19.2
0,0.2,0,2.2
0.2,1.4,0,0
0,0,0,0
0,0,0.4,0.2
1.2,0,1.2,0.4
6.6,0.6,0,0
0,0,2.4,0.4
5.8,0,0,0
0,0,0,0
0,0,0,0
0,0,0,0
0,0,0,0
0,0,0,0
0,0,0,0
0,0,0,0
0,0,0,0
0,0,0,0
0,0,0,0
3,1,4.8,10.6
1.2,0,0,0
0,0,0,0
0,2,0,0.4
1,0,0.2,0
0,1.8,0.2,0
0,0,0,1.8
0.4,0,0.6,0
0,0,0,0
0,0,0,0
0,0,0,0
0,0,0,0
0,0,0,0.2
0,0,0,0
0,0,0,0
0,0,19.4,17
12.2,6,0,0.4
27.8,0,1.4,0
0,0,0,0
0,0,1.2,0.6
0.8,0,0,0
0,0,0,0.2
46.4,7.8,0,0
0,0,0,0
0,0,0,0
0,0,0,0
0,0,0,0
0,0,0,0
0,0,0,0
0,0,0,0
0,0,0,0
0,0,0,0
0,0,0,0
0,0,0,40.4
0,0,0,0
0,0,0,0
0,0,0,0
0,0,0,0
0,0,0,0
0,0,0,0
0,0,0,0
0,0,0,0
0,0,0,0
0,0,0,0
0,0,0,0
0,0,2.6,0
0,0.6,0,0
0,0,0,0
0,0,0,0
0,0,0,0
0,0,0,0
0,0,0,0
2,0.2,2.4,0
0,0,0,0
0,0,0,0
0,0,0,0
0,0,0,0.4
0,3.4,0,0
0,0,0,0
0,0,0,0
0,0,0,0
0,0,0,0
0,0,0,0
0,0,0,0
0,0,0,0.2
1.2,0.2,0,0
0,0,0,0
0,0,0,0
0,0,0,0
0,0,0,0
0,0,0,0
0,0,11.2,7.2
0,0,0,0
0,0.2,0.2,0.6
0,0,0,0
0,0,0,0
0,0,0,0
0,0,0.4,0
0,0,0,0
0,0,0,0
0,0.2,0,0
0,0,0,0
0.8,0,0,14.2
0.2,30.6,37.8,6
0,0,0,0
0,0,0,0
0,0,0,0
0,0,0,0
0,0,0,0
0,0,0,0
0,0,0,0
0,0,0,0
0,0,0,0
0,0,0,0
0,0,0,2.8
2.6,0,0.2,4.2
8.2,1.4,6,9.6
0,0,0,0
0,0,0,0
0,0,0,0
0,0,6.2,22.8
23.4,6.6,2.4,0
0,2,0,0
0,0,0,0
0,0,0,0
0,0,21.4,6
9.6,3.2,15.6,9.8
12.4,15.4,7,0
4.2,5.4,13.6,1.2
2,9.8,0.2,0
0,0,0,0
0,0.2,0,0
0,0,0,0
5,8.2,4.6,0
0.2,11.6,6.2,0
0,0,0,0
0,0,0,0
0,0,0,0
0,0,0,0
0,0,0,0
5.2,11.6,1.2,0.2
0,0.2,0,0
0,0,0,4.8
3.2,0,0,0
0,2,0.2,0
0,0,0,0
0,0,0,0
0,0,0,0
0,0,0,0
0,0,0,0
0,0,0,0
0,0,0,0
0,0,0,0
7,0,2.2,1.4
0,0,0,0
2.2,2.8,12.6,2.2
0,0,0,0
0,0,0,0
0,0,0,0
0,0,0,0
0,0,0,0
0,0,0,0
0,0,0,0.2
0,0,0,0
0,0,0,0
0,0,0,0
0,0,0,0
0,0,0,0
0,0,0,0
0,0,0.2,1.4
1.8,2.6,0.4,0
0.8,5.4,0,0
0,0,0,0
0,0,0,0
0,0,0,0
0,0,0,0
0,0,0,0
0,0,0,0
0,0,0,0
0,0,0,0
0,0,0,0
0,0,0,0
0,0,0,0
0,0,0,0
0,0,0,0
0,0,0,0.4
0.8,1,5.6,3.8
4,4.4,3.8,0
0,0,0.2,16.6
22.4,10.8,6,5.2
0,0,0,0
0,0,0,0.8
5.4,3.2,7.2,1.6
1.2,1.6,0.4,1.6
0,0,0,0
0,0,0,0
0,0,0,0
0,0,0,0
0,0,0,0
0,0,0,0
0,0,0,0
0,0,0,0
0,0,0,0
0,0,0,0
0,0,0,0
0,0,0,0
0,0,0,0
0,0,0,0
0,0,0,0
0,0,0,0
0,0,0,0
0,0,0,0
0,0,0,0
0,0,0,0
0,0,0,0
0,0,0,0
0,0,0,0
0,0,0,0
0,0,0,0
0,0,0,0
0,0,0,0
0,0,0,0
0,0,0,0
0,0,0,0
0,0,0,0
0,0,0,0
0,0,0.2,0.4
1.8,1,0.2,0.2
0.2,1.4,0.4,0.8
0,0,0,0
0,0,0,0
0,0,0,0
0,0,0,0
0,0,0,0
0,0,0,0
0,0,0,0
0,0,0,0
0,0,0,0
0,0,0,0
0,0,0,0
0,0,0,0
0,0,0,0
0,0,0,0
0,0,0,0
0,0,0,0
0,0,0,0
0,0,0,0
0,0,0,0
0,0,0,0
0,0,0,0
0,0,0,0
0,0,0,0
0,0,0,0
0,0,0,0
0,0,0,0
0,0,0,0
0,0,0,0
0,0,0,0
0,0,0,0
0,0,0,0
0,0,0,0
0,0,0,0
0,0,0,0
0,0,0,0
0,0,0,0
0,0,0,0
0,0,0,0
0,0,0,0
0,0,0,0
0,0,0,0
0,0,0,0
0,0,0,0
0,0,0,0
0,0,0,0
1,9,7.8,8.8
9.6,6.2,7.8,0.8
0.6,4.8,4.4,1.2
0,0.4,0.4,0
0,0,0,0
0,0,0,0
0,0,0,0
0,0,0,0
0,0,0,0
0,0,0,0
0,0,0,0
0,0,0,0
0,0,0,0
0,0,0,0
0,0,0,0
0,0,0,0
0,0,0,0
0,0,0,0
0,0,0,0
0,0,0,0
0,0,0,0
0,0,0,0
0,0,0,0
0,0,0,0
4.6,6.4,12,11.8
7.4,2.4,0,0
0,0,0,0
0,0,0,0
0,0,0,0
0,0,0,0
0,0,0,0
0,0,0,0
0,0,0,0
0,0,0,2.4
0,0,0,0
0,0.2,13.2,0
0,0,0,0
0,0,0,0
0,0,0,0
0,0,0,0
0,0,0,0
0,4,10.6,0
0,0.2,0,0
0,0,0,2.8
0,0.8,0,0
0,0,0,4.2
0,0,0,0
0,0,0,0
0,0,0,0
0,0,0,0
0,0,0,0
0,0,0,0
0,0,0,0
0,0,0,0
0,0,0,0
0,0,0,0
0,0,0,0
0,0.6,2.6,0
0,0,0,0
0,0,0.8,10.8
0.6,0.2,0,0
0.2,1,5.8,0
1.4,1.4,11.4,0
0,0,0,0
0,0,0,0
0,0,0,0
0,0,0,0
0,0.8,0.2,1.4
0,0,0.2,0
0,0,0.2,0
0,0,0.2,1.4
0,0,0,0
0,0,0,0
0,0,0,0
0,0,0,0
0,0,0,0
0,0,0,0
0,0,0,0
0,0,0,0
0,0,0,0
0,0,0,0.8
0,0,0,0
0,1.2,3.2,0
0,0,0,0
0,0,0,0
0,0,0,0
0,0,0,0
0,0,0,0
0,0,0,0
0,0,0,0
0,0,0,0
0,0,0,0
0,0,0,0
0,0,0,0
0,0,9.4,3.6
0,0,0,0
0,0,0,0
0,0,0,0
0,0,0,0
0,0,0,0
0,0,0,0
0,0,0,0
0,0.2,4.8,0.2
0,0,0,0
0,0,0,0.6
0,0.6,0,0.4
0,0,0,0
0,0,0,0
0,0,0,0
0,0,0,0
0.2,0,0,0
0,0,0,0
0,0,0,0
0,0,5.2,0
0.2,0,9.4,23
4.6,1.2,46.4,26.4
0,0,0,0
0,0,0,0
0,0,0,0
0,0,0,0
0,0,0,0
0,0,0,0
0,0,0,0
0,0,0,0.8
0,0,0,0
0,0,0,0
0,0,0,0
0,0,0,0
0,0,0,4
4.8,0,0,0
0,0,0,0
0,0,0,0
0,0.8,10,19.8
15.4,6,0,0
0,0,0,0
0,0,0,0
0,0,0,0
0,0,0,0
0,0,0,0
0,0,0,0
0,0,0,0
0,0,0,9.2
0,8.4,0,12.8
0,0,0,2.2
0,0,0,0
0,0,0,0
0,0,0,0
0,0,0,0.2
0,0,0,0
0,0,0,0
0,0,0,0
0,0,0,0
0,0,0,1.6
0,0,0,0
0,0,0,0
0,0,0,0
0,0,0,0
0,0,0,0
0,0,0,0
0,0,0,0
0,0,0,0
0,0,0,15.6
0,0,0,0
0,0,0,0
0,0,0,0
0,0,0,0
0,0,0,0
0,0,0,0.4
0,0,0,0
0,0,0,0
0,0,0,0
0,0,0,0
0,0,0,0
0,0,0.2,0
0,0,0,0
0,0,0,0
0,0.2,0,1.2
19,0,1.4,15
0,0.2,0,0
0,0,0,6.4
0.2,47.6,19.6,7.6
0.2,0,1.2,0.2
0,0,0,0
0,0,0,0
0,0,0,0
0,0,0,0
0,0,0,0
0,0,0,0
0,0.2,6.4,0
0,0,0,0
0,0,0,0
0.4,0.2,0,2.6
0.4,1.4,0.4,0
0,9.6,3.8,5.2
0.4,0,0,0
3.4,0,0,0.6
0,0,0,1.8
1.4,3.8,16.2,1.6
0,0,0,0
0,0,0,0
0,0,0,0.2
0,0,0,0
0,0,0,0
0,0,0,0
0,0,0,0
0,0,0,0
0,0,0,0
0,54,44.6,43
34.8,9.6,77.2,5.8
2.2,1.8,0,1.8
3.8,5.8,0.8,0
0,0,0,1
0.2,0,8.4,0.8
0,0,0,0
0,0,5.6,12.4
0,0.2,0.8,5.4
5.4,22.6,9.8,8.6
2.2,0,0,0
0,0,0,0
0,0,6.8,3.6
13.4,1,9.6,0
0,0,0,11.4
8,11.2,0,0
4.2,0,1.2,0
5,2.8,1,3.2
0.8,1.4,1.6,2.8
0.4,0,0,0
0,0,0,14.6
1.2,0,0,0
0,0,0,0
0,0,0,2.8
3.6,0.2,0,0
0,0,0,0.4
1,4.2,0,0
0,1.6,0,9
2.8,0,26.4,13.6
9.4,7,4,0
0,0,0,0.4
3.4,5.6,2.4,0
0,0,0,0
0.2,0,0,0
0,0,0,0
0,0,0,0
0,0,0,0
0,0,0,0
0,0,0,3
4.2,2.2,1.8,2.8
0.4,0,0.2,0
0,0,0,0.2
0,0,0,0
0,3.2,12.6,20.4
3.4,7.4,1.2,2
0.2,0,0,0.2
0,0,0,0
0,0,0,0
0,0,0,0
0,0,3.4,0.6
0.2,0,4.4,3.4
0,0,0,0
0,0,0.2,0
0,0,0,0
0,0,0,0
0,0,0,0
0,0,0,0
0,0,0,0
0,0,0,0
0,0,0,0
0,0,0,0
0,0,0.2,2
1,0,0,0
0,0,0,0
0,0,0,0
0,0,0,0
0,0,0,0
0,0,0,0
0,0,0,0
0,0,0,0
0,0,0,0
0,0,0,0
0,0,0,0
0,0,0,0
0,0,0,0
0.2,1,0,0
0,0,0,0
0,0,0,0
0,0,0,0
0,0,0,0
0,0,0,0
0,0,0,1.8
3.2,3.8,1.2,0
0,0,0,0
0,0,0,0
0,0,0,0
0,0,0,0
0,0,0,0
0,0,0,0
0.4,0,0,0
0,0,0,0
0,0,0,0
0,2,1,0
0,0,0,0
0,0,0,0
0,0,0,0
0,0,0,0
0,0,0,0
0,0,0,0
0,0,1.2,5
4,5.8,4.8,0.4
0,0.4,0,0
0,0,0,0
0.2,1,6.4,0
0,0,0,6.6
12.6,11.6,4.8,0.2
0.2,4.4,17.2,7.8
2.4,1.4,0.6,9.4
7.4,3.4,0,0.4
0,0,0,4.4
10.8,0,0,0
0,0,0,0
0,0,0,0
0,0,0,0
0,0,0,0
0,0,0,0
0,0,0,0
0,0,0,0
0,0,0,0
0,0,0,0
0,0,0,0
0,0,0,0
0,0,0,0
0,0,0,0
0,0,0,0
0,0,0,0
0,0,0,0
0,0,0,0
0,0,0,0
0,0,0,0
0,0,0,0
0,0,0,0
0,0,0,0.6
4.8,0.2,2.8,5.2
1.2,1,0,0
0,4,1.2,15.8
0,0,0,1.2
3,0,0.2,5.6
4.4,3.4,0,0
0,0,0,0
0,0,0,0
0,0,0,0
0,0,0,0
0,0,0,0
0,0,0,0
0,0,0,0
0,0,0,0
0,0,0,0
0,0,0,0
0,0,0,0
0,0,0,0
0,0,0,0
0,0,0,0
0,0.2,1.8,0.6
0,0,0,0
0,0,0,0
0,0,0,0
0,0,0,0
2,10.4,7.4,8.8
10.8,9.2,9.4,0
0,0,0,0
0,0,0,0
0,0,0,0
0,0,0,0
0,0,0,0
0,0,0,0
0,0,0,0
0,0,0,0
0,0,0,0
0,0,0,0
0,0,0,0
0,0,0,0
0,0,0,0
0,0,0,0
0,0,0,0
0,0,0,0
0,0,0,0
0,0,0,0
0,0,0,0
0,0,0,0
0.2,0,0,0
0,0,0,0
0,0,0,0
0,0,0,0
0,0,0,0
0,0,0,0
0,0,0,0
0,0,0,0
0,0,0,0
0,0,0,0
0,0,3.6,8.6
0,0,0,0
0,0,0,0
0,0,0,0
0,0,0,0
0,0,0,0
0,0,0,0
0,0,0,0
0,0,1.2,0
0,0,0,0
0,0,0,0
0,0,0,0
0,0,0,0
0,0,2,0
0,0,0,0.6
0.8,2.2,5.8,2.2
1.2,0.6,1.8,0
0,0,0,38.6
10.2,1.2,0.2,0
0,0,0,0
0,0,1.8,0
0,0.2,0,0
0,0,0,0
0,0,0,0
5.8,7.6,13.8,0
0.4,0,0,0
0,0,0,0
0,0,0,0
0,0,0,0
0,0,0,0
0,0,0,0
0,0,0,0
0,0,0,0
0,0,0,0
0,0,0,0
0,0,0,3.4
3.4,1,0,0
0,0,0,0
0,0.2,0,0
0,0,0,0
0,0,0,4.2
0,0,1,1
0.8,0,0,1
5,6,0,2.2
0,0,0,0
0,0.2,0.4,4
2.6,0,0,4
3.8,15.6,9.2,6.4
5,0.6,0,0
0.2,5,9.4,5.2
0,0,0,0
0,0.4,0,0
0,0,0,0
0,0,0,1.2
1.6,0.6,0.2,0
0,0,0.2,0
0,0,0,0
0,0.2,0,0
0,0,0,0
0,0,0,0
0,0,0,0
0,0,0,0
0,0,0,0
0,0,0,0
0,0,0,0
0,0,0,0
0,0,0,0
0,0,0,0
0,0,0,0
0,0,0,0
0,0,0,0
0,0,5.8,2.4
0,0,0,0.8
0,0,0.2,0.4
0,0,0,0
0,0,0,0
0,0,0,0
0,0,0,0
0,0,0,0
0,0,0,1
0.4,0,0.6,0
0,0.8,0,0
0,0,0,0
0,0,0,0
0,0,0,0
0,0,0,0
0,0,0.2,4.6
0.4,0,0,0
0.2,0,0.4,0
0,0,0,0
0,0,0,0
0,0,0,0
0,0,0,0
0,0,0,0
0,0,0,0
0,0,0,0
7.2,0,0,0
0,0,0,0
0,0,33.4,0
0,0,0,0
0,0,0,0
0,0.2,0,0
0,0,0,0
0,0,0,0
0,0,0,0
0,0,0,0
0,0,0,0
0,0,0,0
0,0,0,0
0,0,0.2,35.4
1.8,0,0,0.2
0,0,0,0
0,0,0,0
0,0,0,0
0,0,0,0
0,0,0,0
0,0,0,0
0,0,0,0
0,0,16.2,2.4
0,0,0,0
0,0,0,0
0,0,0,0
0,0,0,0
0,0,0,0
0,0,0,0
0,0,0,0
0,0,0,0
0,0,0,0
0,0,0,0
0,15.6,0,0
0,0,0,0
0,0,0,0
0,0,0,0
0,0,0,0
0,0,0,0
0,0,0,0
0,0,0,0
0,0,0,0
0,6.8,0,0
0,0,0,0
0,0,0,0
0,0,0,0
0,0,0,0
0,0,0,0
0,0,0,0
28.2,4.2,0,28.8
4.2,0.4,0,0
0,0,0,0
0,0,0,0
0,0,0,0
0,0,0,0
0,0,0,13.4
0,1,19.2,10.4
0,0,0.8,46.6
0,6.4,0.2,0
0,0,0,0
0,0,0,0
0,0,0,0
0,0,0,0
0,0,0,0
0,0.4,24.4,1.6
0,0,0,0
0,0,0,0
0,0,0,0
0,0,0.2,0
0,0.2,0.4,0
0,34.2,2.4,8.8
0,0,1,0
0,2.4,5.2,20.4
0,0,0,17.8
0,0,0,0
0,0,0,0
0,0,0,0
0,0.8,8.6,2.8
0.2,0,0,0.4
0,0,0,1.4
1,9.4,4.4,0.2
0,0,0,0
0,18.8,23.8,10.4
0,0.4,0,0
0,0,0,0
0,0,0,0
0,0,0,0
0,0,0,0
0,0.2,0,17
7.6,9.6,1.8,28.2
0.2,0,0,0
0,0,0,0
0,0,0,0
0,0,0,0
0,0,0,0
0,0,0,0
0,0,0,0
0,0,0,0
0,0,0,0
0,0,0,0
0,0,0,0
0,0,0,0
0,0,0,0
0,0,0,0
0,0,0,0
0,0,0,0
0,3.2,1.4,6.6
2.6,0.2,0,0
0,0,0,0
4.8,9.2,3,0.4
0,0,0,0
0,0,0,0.4
0.2,0,0,0
0,0,0,0
0,11,8.8,0
0,0,0,0
0,0,0,0
0,0,0,0
0,0,0,0
0,2.2,0.6,2.4
2.6,0.8,5,8.4
1.8,1,15.6,3
2,0,0,19.8
24,23.6,11.2,0.8
0.2,0,0,0
0,0,0,0
0,0,0,6.8
16.8,9.8,4,0
0,0,0,0
0,0,0,0
0,0,0,0
0,0,0,0
0,0,0,0
0,0,0,0
0,0,0,0
0,0,0,0
0,0,0,0
0,0,0,0
0,0,0,0
0,0,0,0
0,0,0,0
0,0,0,0
0,0,0,0
0,0,0,0
0,0,0,0
0,0,0,0
0,0,0,0
0,0,0,0
0,0,0,0
0,0,0,0
0,0,0,0
0,0,0,0
0,0.4,0,0
0,0,0,0
0,0,0,0
0,0,0,0
0,0,0,0.6
0.2,0,0,0
0,0,0,0
0,0,0,0
0,0,0,0
0,0,0,0
0,0,0,0
0,0,0,0
0,0,0,0
0,0,0,0
0,0,4.4,9
10,9,6.4,0.8
0,0,0,0
0,0,0,0
0,0,0,0
0,0,0,0
0,0,0,0
0,0,0,0
0,0,0,0
0,0,0,0
0,0,0,0
3,1.8,0.4,0.4
0,0,0,0
0,0,0,0
0,0,0,0
0,0,0,0
0,0,0,0
0,0,0,0
0,0,0,0
0,0,0,0
0,0,0,0
0,0,0,0
0,0,0,0
0,0,0,0
0,0,0,0
0,0,0,0
0,0,0,0
0,0,0,0
0,0,0,0
0,0,0,0
0,0,0,0
0,0,0,0
0,0,0,0
0,0,0,0
0,0,0,0
0,0,0,0
0,0,0,0
0,0,0,0
0,0,0,0
0,0,0,0
0,0,0,0
0,0,0,0
0,0,0,0
0,0,0,0
0,0,0,0
0,0,0,0
0,0,0,0
0,0,0,0
0,0,0,0
0,0,0,0
0,0,0,0
0,0,0,0
0,0,0,0
0,0,0,0
0,0,0,0
0,0,0,0
0,0,0,0
0,0,0,0
0,0,0,0
0,0,0,0
0,0,0,0
0,0,0,0
0,0,0,0
0,0,0,0
0,0,0,0
0,0,0,0
0,0,0,0
0,0,0,0
0,0,0,0
0,0,0,0
0,0,0,0
0,0,0,0
0,0,0,0
0,0,0,0
0,0,0,0
0,0,0,0
0,0,0,0
0,0,0,0
0,0,0,0
0,0,0,0
0,0,0,0
0,0,0,0
0,0,0,0
0,0,0,0
0,0,0,0
0,0,0,0
0,0,0,0
0,0,0,0
0,0,0,0
0,0,0,0
0,0,0,0
0,0,0,0
0,0,0,0
0,0,0,0
0,0,0,0
0,0,0,0
0,0,0,0
0,0,0,0
0,0,0,0
0,0,0,0
0,0,0,0
0,0,0,0
0,0,0,0
0,0,0,0
0,0,0,0
0,0,0,0
0,0,0,0
0,0,0,0
0,0,0,0
0,0,0,0
0,0,0,0
0,0,0,0
0,0,0,0
0,0,0,0
0,0,0,0
0,0,0,0
0,0,0,0
0,0,0,0
0,0,0,0
0,0,0,0
0,0,0,0
0,0,0,0
0,0,0,0
0,0,0,0
0,6.6,3,2.2
0.2,8,1.4,1
0.4,0.2,10.6,3.4
2.6,0,3.4,12
0.6,0,0,0
0,0,1,3.4
0,0,1.8,2
1,0.4,0.4,0.6
1,0,0.2,1.6
17,3.8,0,0
0,0,0,0
0,0,0,0
0,0,0,0
0,0,0,0
0,0,0,0
0,0,0,0
0,0,0,0
0,0,0,0
0,0,0,0
0.2,21.4,11.6,0
0.2,0,0.2,0
0,0.4,0,0
0,0.2,0,0
0,0,0,0
0,0,0,0
0,0,0,0
0,0,0,0
0,0,0,0
0,0,0,0
0,0,0,0
0,0,0,0
0,0,0,0
0,0,0,0
0,0,0,0
0,1,8.4,14
1.2,0,0,0
0,0,0,0
0,0,0,0
2,0,15.2,0.6
8.6,3.8,4.2,1.6
0,0,0.6,0
0,0,0,0
0,9.2,0.4,0
7.8,2,0,0
0,0,7.8,0
0,0,0,0
0,0,0,0
0,0,0,0
0,0,0,0
2.8,12.6,13,13.4
9.8,2.4,8.2,18.6
1.8,1,21,0
0,0,10,3.8
0.6,0,0,0.2
0.2,0,0,0
0,0,0,0
0,0,0,0
0,0,0,0
0,0,0,0
0,0,0,0
0,0,0,0
0,0,0,0
0,0,0.4,0.2
0,0,0,0
0,0,0,0
0,0,0,0
0,0,0,0
0,0,0,0
0,0,0,0
0,0,0,0
0,0,0,0
0,0,0,0
0,0,1,0.6
0,0,0,0
0,0,0,0.6
0,0,0.6,0
0,0,0,0
0,0,0,0
0,0,0,0
0,0,0,0
0,0,0,0
0,0,0,0
0,0,0,0
0,0,0,0
0,0,0,0
0,0,0,0
0,0,0,0
0,0,0,0
0,0,0,0
0,0,0,0
0,0,0,0
0,0,0,0
0,2.4,21.2,0
0,0,0,0
0,0,0,0
0,0,0,0
0,0,0,0
0,0,0,0
0,0,0,0
0,0,0,1
0,0,0,0
0,0,0,0
0,0,0,0
0,0,0,0
0,0,0,0
0,0,0,0
0,0,0,0
7.8,0,0,1.8
6.2,0,0.6,0
0,0,0,0
0,0,0,0
0,0,0,0
0.4,0,0,0
0,0,0,0
0.8,0.2,1.4,0
0,0,0,4.2
0,0,0,0
0.2,1.6,0,0.2
0,2,0.2,0
0,0,0.4,0
0,0,0.4,0.4
0,0,0,0.8
0,0,5,0.4
0,0,0,0.6
0,0,14.4,36.4
0,0,0.6,8.6
0,0.4,0,0
0,0,0,0
0,0,0,0
0,0,0,0
0,0,0,0
0,0,0,0
0,0,0,0
0,0,0,0
0,0,0,0
0,0,0,0
0,0,0,0
0,0,0,0
0,3.4,16.2,3.6
0.2,0,0,0
0,0,0,0
0,0,0,0
0,0,0,0
0,0,0,0
0,13.4,14.4,27.4
15.8,4.8,0.2,0
0,0,0,1.6
2.2,3,0,2
0,0,0,0
0,0,0,0
10.6,24.2,0,0
0,0,0,0
0,0,0,0
8.6,4.8,0,0
0,0.4,0,0
0,0,0,2.4
5.2,0,0,0
0,0,0,0
0,0,0,0
0,0,0,0
0,0,0,0
0,0,0,0
0,0,0,0
0,0,0,0
0,0,0,0
0,0,0,0.2
0,0,0,0.2
4.2,10.2,0.8,5.2
2,0,0,0
0,0,0,0
0.2,0,0,0
0,0,0,0
0,0,0,0
0,0,0,0
0,0,0,0
0,0,0,0
0,0,0,0
0,0,0,0
0,0,0,0
0,0,0,0
0,0,0,0
0,0,0,0
0,0,0,0
0,0,0,0
0,0,0,0
0,0,0,0
0,0,0,0
0,0,0,0
0,0,0,0
0,0,0,0
0,0.6,5.4,0
0.2,0,0,0
0,0,0,0
0,0,0,0
0,0,0,0
0,0,0,0
0,0,0,0
0,0,0,0
0,0,0,0
0,0,0,0
0,0,0,0
0,0,0,0
0,0,0,4.4
6,7,5.4,2.8
0.2,2.4,2.8,2.6
0.6,0,0,0
0,0,0,0
0,0.2,0,0.2
6.2,5,1,0.6
0,0,0,0
0,0,0,0
0,0,0,0
0,0,0,0
0,0,0,0
0,0,0,0
0,0,0,0
0,0,0,0
0,0,0,0
0,4.2,1.2,1.8
0.4,4.6,6,18.4
0.8,0,0,0
0,0,0,0
0,0,0,0
0,0,0,0
0,0,0,0
0,0,0,0
0,0,0,0
0,0,0.2,0
0,0,0,0
0,0,0,2
0.2,0,0,0
0,0,0,0
0,0,0,0
0,0,0,0
0,0,0,0
1.2,2,0.2,0.4
0.8,4.4,3.4,2.4
1,8,4.6,4.6
2.2,0.4,0.6,0.2
0,0.2,0.2,0.8
0.4,0,0,0.6
0,0,0,0
0.4,0,0,0
0,0,0.2,0.2
0,0.8,4.4,4.2
7.2,1,0,0
0,0,0,0
0,0,0,0
0.6,7.2,2,0
2.4,0,0,0
0,0,0,0
0,0,0,0
0,0,0,0
0,5.6,9.2,5
1,7.4,3.8,0.4
0,0,0,0
0,0.2,0,0
0,0,0,0
0,0,0,1.6
5.2,3.6,5.2,5.2
7,7.6,4,0.2
0,0,0,0
0,0,0,0
0,5.4,19.6,22.4
18.2,3.2,2,5.2
14.6,3,0.8,0.2
0.2,1.2,0,0
0,0,0,0
0,0,0,0
0,0.2,0,0
0,0,0,0
0,0,0,0
0,0,0,0
0,0,0,0
0,0,0,0
0,0,0,0
0,0,0,0
0,0,0,0
0,0,0,0
0,0,0,0
0,0,0,0
0,0,0,0
0,0,0,0
0,0,0,0
0,0,0,0
0,0,0,0
0,0,0,0
0,0,0,0
0,0,0,0
0,0,0,0
0,0,0,0
0,0,0,0
0,0,0.4,0.2
1,2.8,0.2,0
0,0.2,0,0
0,0,0,0
0,0.6,1.2,0.4
1,0.2,0,0
0,0,0,0
0,0,0,0.6
0.2,0,0.4,0
0,0,0,0
0,0,0,0
0,0,0,0
0,0,0,0
0,0,0,0
0,0,0,0
0,0,0,0
0,0,0,0
0,0,0,0
0.2,2,0.4,0
0,0,0,0
0,0,0,0
0,0,0,0
0,0,0,0
0,0,0,0
0,0,0,0
0,0,0,0
0,0,0,0
0,0,0,0
0,0.2,0,0
0,0.8,0,0
0,0,0,0
0,0,0,0
0,0,0,0
0,0,0,0
0,0,0,0
0,0,0,0
0,0,0,0
0,0,1.4,6.2
1.4,0.8,0,0
0,0,0,0
0,0,0,0
0,0,0,0
0,0,0,0
0,0,0,0
0,0,0,0
0,0,0,0
0,0,0,0
0,0,0,0
0,0,0,0
10.4,0,0,0
0,0,0,0
0,0,0,0
0,0,0,0
0.2,4.4,3.4,8.6
3.6,0.2,0,0
12.6,8,0.4,0.4
0,0,0,0
0,0,0,0
0,0,0,0
0,0,0,0
0,0,0,0
0,0,0,0
0,0,0,0
0.6,0,0,0
0,0,0,0
0,0,0,0
0,0,0,0
0,0,0,0
0,0,0,0
0,0,0,0
0,0,0,0
0,0,0,0
0,0,0,0
0,0,0,0
0,0,0,0
0.4,0,7.6,2.4
0.4,0,0,0
0,2.4,4,1.4
1.2,0,0,0
3.4,1,0,0
0,0,0,0
0,0,5,0
2.4,0.8,1.6,0.2
0,0,2.4,2.4
0.4,0,5.4,0.4
0.2,0,0,4.8
0,0,0,0
0,0,0,0.4
0.2,0,0,0
0,0,0,0
0,0,0,0
1.4,0,0.2,0
10.4,10.4,1.8,0
0,0,4.8,7.2
9.4,1.8,6.2,1
0.4,1,0,0
0,0,0,0
0,0.6,0,0
0,0,0,0
0,0,0,0
0,0,0,0
0,0,1.4,0
0,0,0,0
0,0,6.8,0
0,0,0,0
0,0,0,0
0,0,0,0
0,0,0,0
0,0,0,0
0,0,0,2.8
0,0,0,0
0,0,0,0
0,0,0,0
0,0,0,0
0,0,0,0
0,0,0,0
0,0,3,0
0,0,0,0
0,0,0,0
0,0,0,0
0,0,0,0
0,0,0,0
0,0,0,0
0,0,0,0
0,0,0,0
0,0,0,0
0,0,0,2.4
0,0,0,0
0,0,0,0
0,0,0,18.6
0,0,0,0
0,0,0,0
0,0,0,0
0,0,0,0
0,9,7,9.8
1.2,12.8,14.8,20
13,0,0,0
4.6,0,0,0
0,0,0,4.6
0,0,1.8,0
0,0,0,0
0,0,0,0
0,0,0,0
0,0,0,0
0,0,0.4,0
0,0,34.2,32.6
22.4,3.2,0,0
0,0,0,0
0,0,0,0.2
0.6,0,0,0
0,0,1.6,2.2
4.2,1.8,6,3
0.2,0,0,0
0,0,0,0
0,0,0,0
0,0,0,0
0,0,0,0
0,0,0,0.2
3.2,0.4,0,0
0,0,0,0
0,0,0,0
0,0,0,0
0,0,0,0
2.2,0,0,0
0,0,0,0
0,0,0,0
0,0,0,0
0,1.2,0,0.6
0,0,0,0
0,0,0,0
0,0,0.2,0.2
0,1.2,1.2,0.2
0,0,0,0
0,1.2,0,0
0,0,0,0
0,0,0,0
0,0,0,0
0.6,0,0.6,0
0,0,0,0
0,0,0,0
0,0,0,0
0,0,0,0
0.6,0,0,1.4
0,0,0,0
0.6,0.2,0,0.6
24.8,0,0.4,2.6
6.6,0,0.4,0
8.4,12.2,0,0
0,0,0,0
0,0,0.2,0
0,0,0,0
0,0,0,0
0,0,0,0
0.2,0,0,0
0,0,0,0
0,0,0,1.8
5.6,0,0,0
0,0,0,0
0,0,4.8,0
0,0,0,0
2.2,9,1,10.4
10.4,0,0,26.8
6.6,0,0,17
0,0,1.6,0
0,0,0,0
0,0,7.2,0.4
0,0.6,2.4,0
12.2,6.6,4.4,1.2
0,0,0.2,0
1.4,0.2,0,0
0,0,0,0
0,0,0,0
0,0,0,0
0,0,0,0
0,0,0,0
0,0,0,0
0,0,0,0
0,0,0,0
0,0,0,0
0,0,0,0
0,0,0,0
0,0,0,0
0,0,0,0
0,2.2,0,0
0.2,5.6,3.8,0.2
4.8,5,0,0.2
12.8,3.6,0.4,0
0,0.6,4.2,2
0,0,0,0
0,0,0,1.6
0,0,0,0
0,0,0,0
0,0,0,0
0,0,0,0
0,0,0,0
0,0,0,0
0,0,0,2.8
3.8,17.2,0,0
0,0,0,0
0,0,0,0
0,0,0,0
0.6,1,0.8,4
1.4,0.2,0.2,0
0,0.6,0.2,0
0,0,0,0
0,1.4,3.2,0
0,0,0,0
0,0,0,0
0,0,0,0
0,0,0,1.8
5.8,43.2,26.4,5
3.8,34.2,30.4,13.4
3.4,6,2.4,1.2
0,0.2,0,0
0,0,0,0
0,0,0,0
0,0,0,0
0,0,0,0
0,0,0,0
0,0,0,0
0,0,0,0
0,0,0,0
0,0,0,0
0,0,0,0
0,0.4,0,0
0,0,0,0
0,0,0,0
0,0,0,0
0,0,0,0
0,0,0,0
0,0,0,0
2.2,0.4,13.6,1.8
0,0,0,0
0,0,0,0
0,0,0,0
0,0,0,0
0,1.4,3.2,0.4
0.2,2.4,0.6,1.2
1.6,0.8,0,0
0,2.2,1.4,13.2
3,7.2,1,0
8.6,7,0.2,0.8
0,3.2,7.4,0.8
0,0,0,0
0,0,9.8,0
0.8,0,0,1.6
8.4,0.2,0,0
0.2,0,0,0
5.8,3.6,0,0
0,0,0,0
0,0,0,0
0,0,0,0.8
0,0,0,0
0,0,0,0.4
0,0,0,0
0,0,0,0
0.8,3.4,0,0
0,0,0,0
0,0,0,0
0,0,0,0
0,0,0,0
0,0,0,0
0,0,0,0
0,0,0,0
0,0,0,0
0,0,0,0
0,0,0,0
0,0,0,0
0,0,0,0
0,0,0,0
0,0,0,0
0,0,0,0
0,0,0,0
0,0,0,0
0,0,0,0
0,0,0,0
0,0,0,0
0,0,0,0
0,0,0,0
0,0,0,0
0,0,0,0
0,0,0,0
0,0,0,0
0,0,0,0
0,0,0,0
0,0,0,0
0,0,0,0
0,0,0,0
0,0,1.4,0
0,0,1.8,0.4
2.6,6.4,9,23.6
6.4,1.8,0,0.6
0,0,0,1.2
0.6,0,0.2,0
0,0,0,0
0,0,0,0
0,0,0,0
0,0,0,0
0,0,0,0
0,0,0,0
0,0,0,0
0,0,0,0
0,0,0,0
0,0,0,0
0,0,0,0
0,0,0,0
2.6,4.8,2.8,2.2
5.6,1.2,0,1.4
0.6,0.6,0,0
0,0,0,0
0,0,0,0
0,0,0,0
0,0,0,0
0,0,0,0
0,0,0,0
0,0,0,0
0,0,0,0
0,0,0,0
0,0,0,0
0,0,0,0
0,0,0,0
0,0,0,0
0,0,0,0
0,0,0,0
0,0,0,0
0,0,0,0
0,0,0,0
0,0,0,0
0,0,0,0
0,0,0,0
0,0,0,0
0,0,0,0
0,0,0,0
0,0,0,0
0,0,0,0
0,0,0,0
0,0,0,0
0,0,0,0
0,0,0,0
0,0,0,0
0,0,0,0
0,0,0,0
0,0,0.2,0.4
0,2,1,2
2.2,0.4,0,0
0,0,0,0
0,0,0,0
0,0,0,0
0,0,0,0
0,0,0,0
0,0,0,0
0,0,0,0
0,0.2,0.4,0
0,0,0,0
0,0,0,0
0,0,0,0
0,0,0,0
0,0,0,0
0,0,0,0
0,0,0,0
0,0,0,0
0,0,0,0
0,0,0,0
0,0,0,0
0,0,0,0
0,0,0,0
0,0,0,0
0,0,0,0
0,0,0,0
0,0,0,0
0,0,0,0
0,0,0,0
0,0,0,0
0,0,0,0
0,0,0,0
0,0,0,0
0,0,0,0
0,0,0,0
0,0,0,0
0,0,0,0
0,0,0,0
0,0,0,0
0,0,0,0
0,0,0,0
0,0,0,0
0,0,0,0
0,0,0,0
0,0,0,0
0,0,0,0
0,0,0,0
0,0,0,0
0,0,0,0
0,0,0,0
0,0,0,0
0,0,0,0
0,0,0,0
0,0,0,0
0,0,0,0
0.2,0,0,0
0,0,0,0
0,0,0,0
0,0,0,0
0,0,0,0
0,0,0,1.2
6.8,7.2,0.8,0
0,0,0,0
0,0,0,0
0,0,0,0
0,0,0,0
0,0,0,0
0,0,0,0
0,0,0,0
0,0,0.6,0
1.2,0.8,6.8,0
0,0,0,0
0,0,0,0
0,0,0,0
0,0,0,0
0,0,0.2,0.6
0,0,1.2,0
0,0.8,0,0
0,0,0,0
0,0,0,0
0,0,0,0
0,0,0,0
0,0,0,0
0,0,0,0
0,0,0,0
0,0,0,0
0,0,0,0
0,0,0,0
0,0,0,0
0,0,0,4.8
0,0,0,0
0,0,0,0
0,0,0,0
0,0,0,0
0,0,0,0
0,0,0,2.2
2.4,5.2,10.2,8.2
1.4,0,0,0
0,0,0,0
0,0,0,0
3.2,1.8,4.4,0.6
0.4,0,0,0
0,0,0,0
0,0,0,0
0,0,0,0
0,0,0,0
0,0,0,0
0,0,0,0
0,0.2,0,0
0,12.4,2,0
0,0,0,0
0,0,0,2
0.8,0,0,0
0,0,0,0
0,12.2,28.4,1.8
0,0.2,0,0
0,0,0,0
0,1.2,18.4,0
0,0,0,0
0,0,0,0
0,0,0,0
0,0,20.6,32.2
13.8,8.4,2.4,0.6
0,0,18.8,9.6
0.4,14.6,0.2,0
0,0,1.2,0
0,0,0,3
0,0,0,0
0.2,0,0,0
0,0,0,0
0,5,18.2,0.2
0,0,0,0
0,0,0,0
0,0,0,0
0,0,0,0
0,8.6,18.4,11.4
0,0,0,0
0,0,0,0
0,0,0,0
0,0,0,0.2
0,0,0,0
0,0,0,0
0,0,2,68.8
0,0,0,0
0,0,0,0
0,0,0,0
0,0,0,0
0,0,0,0
0,0,0,0
0,0,0,0
0,0,0,0
0,0,0,0
0,0,0,0
0,0,0,0
0,0,26.2,0
0,0,0,0
0,0,0,0
0,0,0,0
0,0,0,0
0,0,0,0
0,0,0,0
0,0,0,0
45.8,5.8,0,0
0,0,0,13.8
0,0,0,0
0,0,0,0
0,0,0,0
0,0,0,0
0,0,0,0
0,0,0,0
0,0,0,0
0,0,0,3.8
0,0,0,30
19.6,0,0.4,0.2
0,0,0,0
0,0,0,0
3.6,0,0,1.4
0.4,0,0,0.2
0,0,0,0
0,0,0,0
0,0,0,0
0,0,0,0
0,0,0,0
0,1,1.8,0.6
11.6,0,0,0
0,0,0,0
0,0,0,0
0,0,0,0
0,0,0,0
0,0,0,0
0,0,0,0
0,0,0,0
0,0,0,0
0,0,0,0
0,0,0,0
0,0,0,0
0,0,0,0
0,0,0,0
0,0,0,0
0,0,0,0
0,0,0,0
0,0,0,0
0,0,0,0
0,0,0,0
0,0,0,0
0,0,0,0
0,0,0,0
0,0,0,0
0,0,0,0
0,0,0,0
0,0,0,0
0,0,0,0
0,0,0,0
0,0,0,0
0,0,0,0
0,0,0,0
0,0,0,0
0,0,0,0
0,0,0,0
0,0,0,0
0,0,0,0
0,0,0,0
0,0,0,0
0,0,0,7.6
2,4.6,14,0.4
0,0,0,0
0,0,0,0
0,0,0.2,0
0,0,0,0
0,0,0,0
0,0,0,0
4.8,0,0,0
0,0,0,0
0,0,0,0
0,0,0,0
0,0,0,0
0,0,0,0
0,0,0,0
0,8.8,2.6,1.8
1.6,0.2,0,0
0,0,0,0
0,0,0,0
0,0,0,0
0,0,0,0
0,0,0,0
0,0,0,0
0,0,0,0
0,0,0,0
0,0,0,0
0,0,0,0
0,0,0,0
0,0,0,0
0,0,0,0
0,1,10.6,15.4
13.6,10.8,6.6,11
0.2,0,9.8,19.8
5.2,0,0,0
3.6,17,0.2,0
0,0,0,1.2
0.6,0.2,1.4,4.8
17.2,14.4,0.2,0
0,0,0,0
0,0,0,0
0,0,0,0
0,0,0,0
0,0,0,0
0,0,0,0
0,1.2,0,0
0,0,0,0
0,0,0,0
0,0,0,0
0,0,0,0
0,0,0,0
0,2.8,0,0.8
0,0,0,0
0,0,0,0
0,0.2,0,0.8
0.2,1,2,3
0.2,0,0,0
0.2,0,0,0
0,0,11,29
7.2,2,0,0
0,0,0,0
0,0,0,0
0,0,0,0
0,0,0,0
0,0,0,0
0,0,0,0
0,0,0,0
0,0,0,0
0,0,0,0
0,0,0,0
0,0,0,0
0,0,0,0
1,0,0,0
0.6,0,0,0.4
0.6,12,16.6,16.2
13.4,5.4,5.6,26.2
22.6,9.6,0,0.6
0.2,0,0,0
0,0,0,0
0,0,0,0
0,0,0,0
0,0,0,2
2.4,5.4,1.2,0
0,0,0,0
0,0,0,0.2
0,0,0,0
0,0,0,0
0,0.4,0.4,1.6
0.2,2.4,0.2,0.8
0.6,1.4,4.6,7.6
0,0.2,0,0
0,0,0,0
0,0,0,0
0,0,0,0
0,0,0,0
0,0,0,0
0,0,0,0
0,0,0,0
0,0,0,0
0.4,0,0,0
0,0.6,0.8,2
2.6,2.8,13.6,4.8
1,0.4,0,0
0,1.6,10,2.2
0,0,0,0
0,0,0,0.6
0.6,0.8,0,0
0,0,0,0
0,0,0,0
0,0,0,0
0,0,0,0
0,0,0,0
0,0,0,0
0,0,0,0
0,0,0,0
0,0,0,0
0,0,0,0
0,0,0,0
0,0,0,0
0,0,0,0
0,0,0,0
0,0,0,0
0,0,0,0
0,0,0,0
0,0,0,0
0,0,0,0
0,0,0,0
0,0,0,0
0,0,0,0
0,0,0,0
0,0,0,0
0,0,0,0
0,0,0,0
0,0,0,0
0,0,0,0
0,0,0,0
0,0,0,0
0,0,0,0
0,0,0,0
0,0,0,0
0,0,13.4,11.2
11,2.8,0,0
0,0,0,0
0,0,0,0
0,0,0,0
0,0,0,0
0,0,0,0
0,0,0,0
0,0,0,0
0,0,0,0
0,0,0.6,1.2
0.8,0,0,0
0,0,0,0
0,0,0,0
0,0,0,0
0,0,0,0
0,0,0,0
0,0,0,0
0,0,0,0
0,0,0,0
0,0,0,0
0,0,0,0
0,0,0,0
0,0,0,0
0,0,0,0
0,0,0,0
0,0,0,0
0,0,0,0
0,0,0,0
0,0,2.2,3.8
3.6,1.6,0,0
0,0,0,0
0,0,0,0
0,0,0,0
0,0,0,0
0,0,0,0
0,0,0,0
0,0,0,0
0,0,0,0
0,0,1.2,0
0,0,0,0.2
0,0,0,0
0,0,0,7
0.4,4.6,0,0
0,1.6,12.2,13
0,0,0,0
0,1.6,0,0
2.2,2.2,4.6,0
0,1.8,5,0
0,0,0,0
4.6,11.6,0,0.2
0,0,0,0
0,0.4,3.6,12.8
8,0,0,3.2
2,0,0,0
0,0,0,0
0,0,0,0
0,0,0,0
0,0,0,0
0,0,0,0
0,0,0,0
0,0,0,0
0,0,0,0
0,0,0,0
0,0,16.2,2
0,0,0,0
0,0,0.6,1.4
0.8,5,3.6,6.2
7.2,0,0,0
0,0,0.2,0
0,0,0,0
0,0,0,0
0,0,0,0
0,0,0,0
0,0,0,0
0,0,0,0
0,0,0,0
0,0,0,0
0,0,0,0
0,0,0,0
0,0,0,0
0,0,0,26.4
0,0,0,0
3.4,0,0,0
0,0,0,0
0,0,0,0
0,0,0,0
0,0,0,0
0,0,0,0
0,0,0,0
0,0,0,0.2
75.4,0.2,2.4,21.6
0,0,0,0
0.4,0.2,0,0.2
0,0.2,0.2,0
0.2,0,0,0
0,0,0,0
0,0,0,0
0,0,0,0
0,0,0,0
0,0,0,0
0,0,0,0
0,0,0,0
0,7,0,0
0,0,0,0.2
0.2,0,4.6,9.2
17.4,0.2,0,0
0,0,0,0
0,0,0.2,1
14.8,7.4,3.4,2.2
24,0,0,0
0,0,0,0
0,0,0,0
0.2,0,0.2,1.2
0,0,0,0
0,0,0,0
0,0,0,0
0,0,0,0
0,0,0,0
0,0,0,0
0,0,0,0
0,0,0,1.2
0,0,0,0
0,0,0,0
0,0,0,0
0,0,0,0
0,0,0,0
0,0,0,0
0,6.2,0.8,0
0,0,0,0
42,0,0,0
0,0.2,26.2,4.2
0.2,0,0,0
0,0,0,0
0,0,0,0
0,0,0.4,2.6
0,0,0,0
0,0,0,0
0,0,0,0
0,0,0,0
0,0,0,0
0,0,0,6.8
1.2,0,0.4,2
0,0,0,0
0,0,0,0
0,0,0,0
0,0,0,0
4,0,0,0
0,0,0,0
0,0,0,0
0,0,0,0
0,0,0,0
0,0,0,0
0,0,0,0
1.6,0.2,0,0
2,0,0,12
0,0,0,0
0,0,0,0
0,0,0,0
0,0,0.6,0.8
0,0,0,0
0,0,0,0
5,4,4.2,7.6
0.2,0,0,0
0,0,0,0
0,0,0,0
0,0,0,0
0,0,0,0
0,0,0,0
0,0,0,0
0,0,0,0
0,0,0,0
0,0,0,0
0,0,0,0
0,0,0,0
0,0,0,0
0,0,0,0
1,26.6,0,0
0,0,0,1.6
21.6,0,0,0
0,0,0,0
0,0,0,0
0,0,0,0
0,0,0,0
0,0,0,0
0,0,0,0
0,0,0,0
0,0,0,0
0,0,0,0
0,0,0,0
0,0,0,0
0,0,0,0
0,0,0,0
0,0,0,0
0,4,0.6,6.2
2.6,41.4,0,0
0,0,0,0
0,0.2,0,4
5.4,0.2,0,0
0,0,0,0
0,0,0,0
0,0,3.8,1
5.8,1.2,0,0
0,0,0.8,0
0,0,0,0
0,0,0,0
0,0,0,0
0,0,0,0
0,0,0,0
0,0,0,0
0,0,0,0
0,0,0,0
0,0,0,0
0,0,0,0
0,0,0,0
0,0,0,0
0,0,2.8,27.4
2.4,0,20.4,28.2
0,0,0,0
0,0,0,0.2
4.2,2.4,8.4,13.6
0.8,0,6.4,4.6
0,0,0,6.4
0.2,0,0,0
4.4,2,8.2,0.6
6.4,6.4,1.2,6.4
5.8,11.2,0,0
0,0,0,0.8
54.4,3.6,0,0.6
0,0,0,0
0,0,0,0
0,0,0,0
0,0,0,0
0,0,0,0
0,0,0,0
0,0,0,0
0,0,0,0
0,0,0,0
0,1,0,0
1,31.6,1.2,0
0,0,0,0
0,0,0,0
0,0,0,0
0,0,0,0
0,0,0,0
2.6,0.8,0,0
0,0,0,0
0,0,0,0
0,0,0,0
0,0,0,0
0,0,0,0
0,0,0,0
0.4,0.6,0,0
0,0,0,0
1.4,0,1.6,0.8
0.6,1,0,0
0,0,0,0
0,0,0,0
0,0,0,0
0,0,0,0
0,0,0,0
0,0,0.2,0
0,0,0,0
0,0,0,0
0,0,0,0
0,0,0,0
0,0,0,0
0,0,0,0
0,0,0,0
0,0,0,0
0,0,0,0
0,0,0,0
0,0,0,0
0,0,0,0
0,0,0,0
2.6,0,0,0
0,0,0.8,2.4
1,0,0,0
0,0,0,0
0,0,0,0
0,0,0,0
0,0,0,0
0,0,0,0
0,0,0,0
0,0,0,0
0,0,0,0
0,0,0,0
0,0,0,0
0,0,0,0
0,0,0,0
0,0,0,0
0,0,0,0
0,0,0,0
0,0,0,0
0,0,0,0
0,0,0,0
0,0,0,0
0,0,0,0
0,0,0,0
0,0,0,0
0,0,0,0
0,3,8.8,2.6
0,0,0,0
0,0,0,0
0,0,0,0
0,0,0,0
0,0,0,0
0,0,0,0
0,0,0,0
0,0,0,0
0,0.2,0,0
0,0,0,0
0,0.4,6.4,4.2
9.4,11,0,0
0,0,0,0
0,0,0,0
0,0,0,0
0,0.2,0,0
0,0,0,0
0,0,0,0
0,0,0,0
0,0,0,0
0,0.8,10.2,18
19.2,19.2,0.6,0
0,0,0,0
0,0,0,0
0,0,0,0
0,0,0,0
0,0,0,0
1.2,0.6,0,0
0,0,0,0
0,0,0,0
0,0,0,0
0.2,0,0,0
0,0,0,0
0,0,0,0
0,0,0,0
0,0,0,0
0,0,0,1.6
0,0,0,0
0,0,0,0.2
0,0,0,0
0,0,0,0
0,0,0,0
0,0,0,0
0,0,0,0
0,0,0,0
0,0,0,0
0,0,0,0
0,0,0,0
0,0,0,0
0,0,0,0
0,0,0,0
0,0,0,0
0,0,0,0
0,0.4,0,0
0,0,0,0
0,0,0,0
0,0,0,0
0,0,0,0
0,0,0,0
0,0,0,0
0,0,0,0
0,0,0,0
0,0,0,0
0,0,0,0
0,0,0,0
0,0,0,0
0,0,0,0
0,0,0,0
0,0,0,0
0,0,0,0
0,0,0,0
0,0,0,0
0,1,2,0.6
8.2,2.4,15.4,0.6
3.8,0,0,0
0,0,2.4,1.4
2,0,0,0
0,0,0,0
0,0,0,0
0,0,0,0
0,0,0,0
0,0,0,0
0,0,0,0
0,0,0,0
0,0,0,0
0,0,0,0
0,0,0,0
0,0,0,0
0,0,0,0
0,0,0,0
0,0,0,0
0,0,0,0
0,0,0,0
0,0,0,0
0,0,0,0
8.8,4.6,7.8,0.2
30.8,2.2,6.4,3.6
2,0,0.4,0
0,0,0,0
0,0,0,0
0,0,0,0
0,0,0,0
0,0,0,0
0,0,0,0
0,0,0,0
0,0,0,0
0,0,0,0
0,0,11.2,10.6
2.6,0,0,0
0,0,0,0
0,0,0,0
0,0,2.2,4.2
2,0,12,0
0,0,0,0
0,0,0,0
0,0,8.2,6
0.4,8.8,1.8,0.8
0,0,0.8,0
0,0,0,0
0,0,0,0
0,0,0,0
0,1.4,9.6,3.2
0,0,0,0
0,0,0,1.8
0,0,0,0
0,0,0,0
0,0,8.8,12.4
0,5.6,5.6,16
0,0,0,0
0,0,1.8,0
0,0,0,0
0,0,0,0
0,0,0,0
0,0,0,0
2.2,3.2,5.2,0.6
0,0,0,0
0,0,0,0
0,0,0,0
0.2,0,0,0
0,0,0,0
0,0,0,0
0,0,0,0
0,0,0,0
0,0,0,0
0,6.8,0,0
0,0,0,0
0,0,0,0.6
3.2,1.4,5.2,0.4
0,0,0,0
0.8,2.6,11.4,0
0,0,0.4,0
0,0,0,0
0,0,0,0
0,0,0,0
0,0,0,0
0,0,0,0
0,0,0,0
0,0,0,0
0,0,0,0
0,0,0,0
0,0,0,0
0,0,0,0
0,0,0,0
0,0,0,0
0,0,0,0
8.4,0,0,0
0,0,0,0
0,0,0,0
0,0,0,0
0,0,0,0
11.6,0,0,0
0,0,2.2,0.4
0.8,7.6,0,0
0,0,1,2
6.6,0,0,0
28,4.4,0,1.2
6.8,1.8,0.6,0.2
0.2,0,0,0
0,0,0,0
0,0,0,0
0,0,1,0
0,0,0,0
0,0,0,0
0,0,0,0
0,0,0,0
0,0,0,0
0,0,0,0
0,0,0,0
0,0.4,0,0.4
18.8,0,0,0
0,0,0,0
0,0,0,0
0,0,0,0
0,0,0,0
0,0,0,0
0,0,0,0.2
0,0,0,0
0,0,0,2
0,0,0,0
0,0,0,0
4.6,0,0,0
0,0,5,61.4
0.2,0,3.4,0
4.2,2,0,0
0,0,0,21.4
0,0,0,0
0,0,0,0
0,0,0,0
0,0,0,0
0,0,0,0
0,0,0,0
0,0,0,0
0,0,0,0
0,0,9.6,0
0,0,0,0
0,0,0,0
0,0,0,0
0,0,0,0
0,0,0,0
2.2,4.4,5.2,1.4
0.4,0.8,0,0
0,0,0,0
0,0,0,0
0,0,0,0
0,0,0,0
0,0,0,0
0,0,0,0
0,0,0,0
0,0,0,0
0,0,0,0
0,0,0,0
0,0,0,0
0,0,0,0
0.2,0,0,0
0.2,14.4,0.4,3.2
0.4,0,0,0
0,0,0,0
0,0,0,0
0,0,0,34
0,0,0,0
0,0,0,34.4
0.2,0,0,0
0,0,6.8,0
0,0,0,0
0,0,0,0
0,0,0,0
0,0,0,0
0,0,0,0
0,0,0,14.2
81,0.4,0,0
0,0,0,0
6.4,6.4,0,0
0,0,0,0
0,0,0,0
0,0,0,0
0,0,0,1.8
6,0,0,0
1.4,20.6,15.4,0
0,0,0,0
0,0,0,0
0,0,0,0
0,0,0,0
0,0,0,0
0,0,0,0
0,0,0,0
0,0,0,0
0,0,0,0
0,0,0,0
0,0,0,0
0,0,0,0.2
0,0,0,59.2
6,2.6,2.2,0
0,0,0.6,4
11,16,7.6,0
0,0,0,0
0,0,0,0
0,0,0,0
0,0,0,0
0,0,0.2,0
0,0,0,0
0,0,0,0
0,0.2,0,0
0,0,0,0
0,0.2,12,0.2
0,0.2,0,0
0,0,0,0.2
0,0,0.2,0.8
0,0,0,3.8
0.4,0,0,0
0,0,0,0
0,0,0,0
0,0,0,0
0,0,0,0
0,0,0,0
0,0,0,0
0,0,0,0
0,0,0,0
0,0,0,0
0,0,0,0
0,0,0,0
0,0,0,0
0,0,0,0
0,0,0,0.8
0.4,0,2.6,4.8
8.2,29.8,29,11.4
2,0.6,0,3
16.2,6,3.4,0.2
0,11.8,7.8,2.8
9.8,1,0.2,0
0.2,0.2,0,0
0,0,0,0
0,0,0,0
0,0,0,0
0,0,0,0.4
0,0,0,0
0,0,0,0
0,0,0,0
0,4.6,1.6,0.2
4.2,25.4,17,0.8
0,0,0,0
0,3.2,31.4,18.2
0,0.6,0,0
0,0,0,0
0,0,0,0
0,0,0,0
0,0,0,0
0,0,0,0
0,0,0,0
3.2,0.4,0,0
0,0.2,0,0
0,0,0,0
2.8,4.2,0,0
0,0,0,0
0,0,0,0
0,0,0,0
0,0,0,0
0,0,3.6,3.2
2,0,0,0
0,0,0,0
0,0,0,0
0,0,0,0
0,0,0,0
0,0,0,0
0,0,0,0
0,0,0,0
0,0.2,0,0
0,0,0,0
0,0,0,0
0,0,0,0
0.2,0,0,0
0,0,0,0
0,0,0,0
0,0,0,0
0,0,0,0
2.2,3.4,2.2,4.8
10.8,6,0,0
0,0,0.2,0
0,0,0,0
0,0,0,0
0,0,0,2.6
0.4,0,0,0
0,0,0,0
0,0,0,0
0,0,0,0
0,0,0,0
0,0,0,0
0,0,0,0
0,0,0,0
0,0,0,0
0,0.8,1.8,0
0,0,0,0
0,0.2,0,9.6
2,0,0,0
0,0,0,0
0,0,0,0
0,0,0,0
0,0,0,0
0,0,0,0
0,0,0,0
0,0,0,0
0,0,0,0
0,0,0,0
0,0,0,0
0,0,0,0
0,0,0,0
0,0,0,0
0,0,0,0
0,0,0,0
0,0,0,0
0,0,0,0
0,0,0,0
0,0,0,0
0,0,0,0
0,0,0,0
0,0,0,0
0,0,0,0
0,0,0,0
0,0,0.2,0
0,0,0,0
0,0,0,0
0,0,0,0
0,0,0,0
0,0,0,0
0,0,0,0
0,0,0,0
0,0,0,0
0,0,0,0
0,0,0,0
0,0,0.4,0
0,0,0,0
0.2,0,0,0
0,0,0,0
0,0,0,0
0,0,0,0
0,0,0,0
0,0,0,0
0,0,0,0
0,0,0,0
0,0,0.8,0.8
0,0,0,0
0,0,0,0
0,0,0,0
0,0.4,0,0
0,0,0,0
0,0,0,0
0,0,0,0
0,0,0,0
0,0,0,0
0,0,0,0
0,0,0,0
0,0,0,0
0,0,0,0
0,0,0,0
0,0,0,0
0,0,0,0
0,0,1,0.4
1.6,0.6,0.6,0
0,0,0,0
0,0,0,0
0,0,0,0
0,0,0,0
0,0,0,0
0,0,0,0
0,0,0,0
0,0,0,0
0,0,0,0
0,0,0,0
0,0,0,0
0,0,0,0
0,0,0,0
0,0,0,0
0,0,0,0
0,0,0,0
0,0,0,0
0.8,0,0,0
0,0,0,0
0,0,0,0
0,0,0,0
0,0,0,0
0,2,1,1.2
0.4,0,0,0.2
0,1.2,12,3.2
2.4,16.2,4.2,0
0,0,1.4,10.6
15.8,3.8,0,8.6
0,0,0,0
0,0,0.8,10.8
1.6,0.2,0,0
0,0,0,3.8
4,11.4,13.2,2.8
0,0.4,3.8,0.4
0.6,0,0,0
0,0,2.2,0
0.4,1,0,0
0,0,0,0
0,0,0.6,3.4
0.6,0.2,0,0
0,0,0,0
2.4,2.8,3.8,0
0,0,2.2,0
0,0,0.6,0
0,1,8.2,0
0,0,0.8,2.6
6,5.6,12,10
11.2,6.2,2.6,0
0,0,0,0
0,0,0,0
0,0,0,0
0,0,0,0
0,0,0,7.4
8.4,0.4,0,0
0,0,0,0
0,0,0,0
0,0,0,0
0,3.8,2,10
8.4,0,0,0.2
1,0,0,0
0,0,0,0
0,0,0,0
0,0,0,0
0,0,0,0
0,0,0.2,0
18.6,0,6.2,11
0,0,0,4.8
22.4,6.8,0,0
0,0,0.2,22.6
0,0,0,0
6.4,0,0,1
2.6,0,0,0
0,0,12.2,3.4
1.8,0,0,0
0,0,0,0
0,0,0,0
0,0,0,0
0,0,0,0
0,0,0,0
0,0,0,0
0,0,0,0
0,0,0,0
0,0,0,0
0,0,0,0
0,0,0,0
0,0,0,0.4
0,0,7.6,4
7,0,0,0
0,0,0,0
0,0,0,0
0,0,0,0
0,0,0,0
0,0,0,0
0,0,0,0
0,0,0,0
7.4,0,0,0
0.2,0,0,0
0,0,0,0
0,0,0,0
0,0,0,0
0,0,0,0.6
3.6,7.2,1,5
0.2,0,0,0
0,0.4,0,0
0,0,0,0
0,0,0,0
0,0,0,0
0,0,0,0
0,0,0,0
0,0,0,0
0,0,0,0
0,0,0,0
0,0,0,0
0,0,0,6
0,0,0,4.4
0,0,0,0
0.4,0,0,0
0,0,0,0
0,0,1.4,0
0,0,0,0
0,0,0,0
0,0,0,0
0,0,0,0
0,0,0,0.2
0,0,0,0
0,0,0,0
0,0,0,0
0,0,0,0
0,0,0.6,0
0,0,0,0
0,0,7.6,10
0,25.8,26.6,1.8
0,0,5.6,0
0,0,0,0
0,0,0,0
0,0,0,0
0,0,0,0
0,0,0,0
0,0,0,0
0,0,0,0
0,0,0,0
0,0,0,0
0,0,0,0
0,0.2,0,3.8
2.6,2.2,0,0
8.4,0,0.2,0.6
1,0,0.2,0
0,0,0,0
0,0,0,0
0,0,0,0
0,0,0,0
0,0,0,0
0,0,0,0
0,0,0,1
0,0.2,7.2,20.4
0,7.2,20.8,16.4
6.6,0.8,3.8,1.6
6.8,0.4,0,0
0,0,0,0
0,0,0,0
0,0,0,0
0,0,0,0
0,0,0,0
0,0,0.2,0
0,18.6,0,0
0,0,0,0
0,0,0,0
0,0,0,0
0,0,0,0
0,0,0,0
0,0,0,0
0,0,0,0
0,0,0,0
0,0,0,0
0,0,0,0
0,0,0,0
0,0,0,0
0,0,0,0
0,0,49.8,0
0,0,0,0
0,0,0,0
0,0,14.4,0.2
0,0.2,31.2,0
0,0,0,0
0,0,0,0
0,0,0,0
0,0,0,0
0,0,0,0
0,0,0,0
0,0,0,0
0,0,0,0
0,0,0,0
0,0,0,0
0,0,0,0
0,0,0,0
0,0,0,0
0,0,0,0
0,0,0,0
0,0,0,0
0,0,0,0
0,0.2,0,0
1.2,5.6,0.6,2.8
0,0,5.6,2.6
1.4,0,0,0
0,0,0,0
0,0,0,0
0,0,0,0
0,0,0,0
0,0,0,0
0,0,0,0
0,0,0,0
0,0,0,1.2
0.6,2.6,30.2,16.4
0,3,7.2,0
0.2,0,0,0.4
0,0,0,1.2
0,0,0,0
0,0,0,0
2.8,0,1.2,0.4
0,0,0,0
0,0,0,0
0,0,0,0
0,7,1.4,0.2
0,7,25.8,7.8
1,1.2,11.4,15.6
10.2,0,0,0
0,0,0,0
0,0,0,0
0,0,0,0
0,0,0,0
0,0,0,0
0,0,0,0
0,0,0,0
0,0,0,0
0,0,0,0
0,0,0,0
0,0,0,0
0,0,0,0
0,0,0,0
0,0,0,0
0,0,0,0
0,0,0,0
0,0,0.2,0.6
5.8,8.4,2.6,9.4
0,0,0,0
0,0,0,0
0,0,0,0
0,2.6,2.4,0.4
0,0,0,0
0,0,0,0
5.4,16,36.4,0.2
0,0,0,0
0,0.4,1,0
0,0,0,0
0,0,0,0
0,0,3.2,3.8
1,1.2,0.4,11.4
4.8,20.8,4.8,0.2
0,0,0,3.2
0.4,2.4,3,12.6
21.8,4.4,16.6,3.8
0.4,1.2,0,0
0,0,0,0
0,0.6,5.6,10
6.6,0,0,0
0,0,0,0
1.2,3.4,8.8,7.4
13.8,8.2,5.2,0.2
0.2,0.6,0,0
0,0,0,0
0,0,0,0
0,0,0,0
0,0,0,0
0,0,0,0
0,0,0,0
0,0,0,0
0,0,0,0
0,0,0,0
0,0,0,0
0,0,0,0
0,0,0,0
0,0,0,0
0,0,0,0
0,0,0,0
0,0,0,0
0,0,0,0
0,0,0,0
0,0,0,0
0,0,0,0
0,0,0,0
0,0,0,0
0,0,0,0
0,0,0,0
0,0,0,0
0,0,0,0
0,0,0,0
0,0,0,0
0,0,0,0
0,0,0,0
0,0,0,0
0,0.8,2.6,0.6
0,0,0,0
5.6,6.2,7.2,0
0,0,0,0
0,0,0,0
0,0,0,0
0,2.6,1.6,1
1.8,4,4.2,0
0,14.2,8.6,0
0,0,2,2.2
5.8,3.8,3.4,2
1.6,0,4,1.6
0,0,0,0
0,0,0,0
0,0.4,0.8,0
0,0,0,0
0,0.2,2.6,6
2,0,0,0
0,0,0,0
0,0,0,0
0,0,0,0
0,0,0,0
0,0,4,0.6
0.6,0,0,0
0,0,0,0
0,0,0,0
0,0,0,0.4
2.8,0.4,0,0
0.8,6.2,14.4,2.8
0,0.6,4,0.2
0,0,0,0
2,7.2,0.2,0
0,0,0,0
0,0,0,0
0,0,0,0
0,0,0,0
0,0,0,0
0,0,0,0
0,0,0,0
0,0,0,0.2
0.2,0,0,0
0,0,0.6,2.2
2,0.2,0.2,0.2
0,0,12,2.8
0.2,0,0,0
0.2,0,0,0
0,0,0,0
0,0,0,0
0,0,0,0
0,0,0,0
0,0,0,0
0,0,0,0
0,0,0,0
0,0,0,0
0,0,0,0
0,0,0,0
0,0,0,0
0,0,0,0
0,0,0,0
0,0,0,0
0,0,0,0
0,0,0,0
0,0,0.4,0.4
0,2.2,5.8,1.8
0.4,1.6,0,0
0,0,6.2,4.6
5,5.2,1.6,2.2
1.8,0.8,0,4
0.6,0,0,0
0,0,0,0
0,0,0,0.2
0.4,2.8,14,26
14.6,2.6,0,0
0,0,0,0
0,0,0,0
0,0.4,1.8,5.8
9.2,0,0,0
0,0,0,0
0,0,0,0
0,0,0,0
12.8,15.4,14,0
0,0,0,0
0,0,0,0
0,0,0,0
0,0,0,0
0,0.6,0,0
0,0,0,0
0,0,0,0
0,0,0,0
0,0,0,0
0,0,0,0
0,7.4,8.4,2.6
0,1,7.8,11
10,1.6,0.6,0
0,0,0,0
0,0,0,0
0,0,0,0
0,0,0,0
0,0,0,0
16.4,0,0,0
0,0,0,0
0,7.4,4.8,5.4
0,0.2,0,0
0,0,0,0
0,0,0,0.6
0,0,0,0
0,0,0,0
0,0,0,0
0,0,0,0
0,0,0,0
0,0,0.2,0
0,0,0.2,0
0,0,1.4,10.6
12.4,0.6,2.6,0
0.4,2.6,0.4,0
0,0,0,0
0,0,0,0
0,0,0,0
0,0,0,0
0,0,0,1.2
0,0,0,0
0,0,0,0
0,0,0,0
0,0.4,0,0
0,0,0,0.2
0,0,0,0
0,0,0.2,0
1.8,0.2,0.4,0
0,4.4,10,3
13.8,3.2,0,0
0,0,0,17
6.8,0.8,0.2,0.4
0,0,0.4,0
0.4,0,0,0.2
1.2,4.6,4.8,0.4
0.2,0.6,0.8,1
1,0.8,2,1.8
1.2,1.6,1.8,0.6
0.4,0.4,0,0.2
0,4.6,2.4,0.4
0.8,0.4,10.2,0
0,0,0,5
0,0.4,0,0
0,0,0,0
0,0,0,0
0,0,4.2,3.4
0,0,0,0
0,0,0,0
1,0,0,0
0,0,23.2,0.2
0,0,0,0
0,0,0,0
0,0,0,0
0,0,0,0
0,0,0,0
0,0,0,0
0,0,0,0
0,0,0,7.8
0,0.2,2.6,0
0,0,0,0
0,0,0,2.6
2,0,0,0
0,0,0,0
0,0,0,0
0,0.6,0,0
0,0,0.4,0
1,0,0,0
0,0,0,0
0,0,0,0
0,0,0,0
0,0,0,0
0,0.2,0,11.8
0,0.2,0,0
0,0,0,0
0,0,0,0
0,0,0,0
0,0,0,0
0,0,0,0
0,0,0,0
0,0,0,0
0,0,0,0
0,0,0,0
0,0,0,0
0,0,1,1
0,0,0,0
0,0,0,0
0,0,0,0
0,0,0,0
0,0,0,0
0,0,0,0
0,0,0,0
0,0,0,0
0,2.8,9.4,0
0,0,0,0
0,0,0,0
9.2,0.6,3.4,1.2
0,0.4,0,0
0,0,0,0
0,0,0,0
0,0,0,0.2
0,0,10.6,4.8
0,0,0,17.4
1.2,0,0,0
0,0,1.6,0
3.2,0.2,0,0.8
1,0,0,0
0,0,0,0
0,0,0,0
0,0,0,0
0,0,0.8,1
0,0,0,0
0,0,0,0
0,0,0,0
0,0,0,0
0,0,0,0
0,0,0,0
0,0,0,0
0,0,0,0
0,0,0,0
0,0,0,0
0,2.6,0,0.2
5.8,0,0,0
0,0,0,0
0,0,0,0
0,0.2,0.2,0
2.2,3.8,0.6,0
0,0,0,0
0,0,0,0
0,0,0,0
0,0,0,0
0,0,0,0
0,0,0,0
0,0,0,0
0,0,0,0
0,0,0,0
0,0,0,0
0,0,0,0
0,0,0,0
0,0,0,0
0,0,0,0
0,0,0,0
0,0,0,0
0,0,0,0
0,0,0,0
0,0,0,0
0,8,7.6,8.4
42.4,0,0,4.8
0,0,11.6,9.4
0,0,0,0
0,0,0,0
0,0,0,0
0,0,0.2,14.8
0.4,0,0,0
0,0,0,0
0,0,0,0
0,0,0,0
0,0,0,0
0,0,0,0
0,0,0,0
0,0,0,0
0,0,0,0
0,0,16.2,1
0,0,0,0
0,0,0,0
0,0,0,0
0,0,0,0.4
1.8,0,2,2.4
0,0,0,0
0,0,0,0
0,0,1,1.2
7,10.4,5.2,1.2
0.2,0,1,0
0,0,0,0
0,0,0,0
0,0,0,0
0,0,0,0
0,0,0.4,1.8
0,3.4,0,0
0,0,0,0
0,0,0,0
0,0,0,0.8
2,3.6,0,0
0,0,0,0
0,0,0,3
2.4,0,6.6,0
0,0,0,0
0,0,0,0
4,0,0.2,0
0,0,0,0
0,0,0,0
0,0,0,0
0,0,0,0
0,0,0,0
0,0,0,0
0,0,0,0
0,0,0,0
0,0,0,4.2
0.4,0,21.6,27.6
4,0.6,16.8,0
0,0,0,0
0,0,0,0
0,0,0,0
0,0,0,0
0,0,0,0
0,0,0,0
0.2,0,0,0
0,0,0,0
0,0,0,0
0,0,0,0
0,0,0.2,0
0,0,0,0
0,0,0,0
0,0,0,0
0,0,0,0
0,0,0,0
0,0,0,0
0,0,0,0
0,4.8,4.8,1.4
0.2,0,0,0
0,1.2,0,10.8
1.2,0,0,0
0.6,0,0,0
0,0,1.6,0
0,0,0,0
0,0,0,0
0,0,0,0
0,0,0,0
0,0,0,0
0,0,0,0
0,0,0,0
0,0,0,0
0,0,0,0
0,0,0,0
0,0,0,0
0,0,0,0
2.6,12,1.4,0.2
0,0,0,0
0,0,0,0
0,0,0,0
0,0,0,0
0,0,0,0
0,0,0,0
0,0,0,0
0,0,0,0
0,0,0,0
0,0,0,0
0,0,0,0
0,0,0,0
0,0.2,0,0
0,0,0,0
0,0,0,0
0,0,0,0
0,0,1.2,0
0,0,0,0
0,0,0,0
0,0,0,0
0,0,0,0
0,0,0,0
0,0,0,0
0,0,0,0
0,0,0,0
0,0,0,0
0,0,0,0
0,0,0,0
0,0,0,0
0,0,0,0
0,0,0,0
0,0,0,0
0,0,0,0
0,0,0,0
0,0,0,0
0,0,0,0
0,0,0,0
0,0,0,0
0,0,0,0
0,0,0,0
0,0,0,0
0,0,0,0
0,0,0,0
0,0,0,0
0,0,0,0
0,0,0,0
0,0,0,0
0,0,0,0
0,0,0,0
0,0,0,0
0,0,0,0
0,0,0,0
0,0,0,0
0,0,0,0
0.4,1.6,0,0
1,1.2,8,11.2
12.8,2.2,0,0
0,0,0,0
0,0,0,0
0,0,0,0
0,0,0,0
0,0,0,0
0,0,0,0.2
0,0,0,0
0,0,0,0
0,0,0,0.4
0,0,0,0
0,0,0,0
0,0,0,0
0,0,6,12.6
17.6,18.8,19.4,11
2,0,0,0
0.2,0,0,0
0,0,0,0.4
0,0,0,0
0,0,0,0
0,0,0,0
0,0,0,0.6
2.2,10.4,6.4,2.8
8.8,17.4,11.8,8.4
10.6,11.6,4,0.6
0,0,0.2,0
0,0,0,0
0,0,0,0
0,0,0,0
0,0,0,0
0,0,0,0
0,0,0,0
0,0,0,0
0,0,0,0
0,0,0,0
1.2,0,2.2,0.8
0,0,0,0
0,2,5.8,6
2.2,4,11.6,23.6
7.6,0.2,0,0
0,0,0,0
0,0,0,0.8
6,9,0,0
0,0,0,0
0,0,0,0
0,0,0,0
0,0,0,0
0,0,0,0
0,0,0,0
0,0,0,0
0,0.6,0.6,0
0,0,0,0
0,0,0,0
0,0,0,0
0,0,0,0
0,0,0,0
0,0,0,0
0,0,0,0
0,0,0,0
0,0,0,0
0,0,0,0
0,0,0,0
0,0,0,0
0,0,0,0
0,0,0,0
0,0,0,0
0,0,0,0
0,0,0,0
0,0,0,0
0,0,0,0
0,0,0,1.2
0,0,0,0.6
0,0,0,0
0,0,0,0
0,0,2.4,0
0,0,1.4,0.8
3.4,3.4,0,0.4
0,0,0,0
0.2,1.8,4.2,7.2
4.2,1.8,2.6,6.2
14.8,6.4,0.4,0
0,0.4,0,2.4
2.8,0,0,0.2
0,0.2,0,0
0,0,0,0
0,0,0,0
0,0,0.6,0
0,0.4,0,0
0,0,0,0
0,0,0,0
0,0,0,0
0,0,0,0
0,0,0,0
0,0,0,0
0,0,0,0
0,0,0,0
1.6,0.4,0,0
0,0,0,0
0,0,0,0
0,0,0,0
0,0,0,0
0,0,0,0
0,0,0,0
0,0,0,0
0,0,0.2,0
0.2,0,0,0.2
0,0.4,0.2,0
0.4,0.4,1.6,3.8
4.2,0,0,0
0,0,14.8,0
0,0,0,0
0,0,0,0
0,0,0,0
0,0,0,0
0,2.6,2.2,32.2
0,0,0,0
0,0,40.4,0
0.2,0,3.8,0
0.6,0,0,0
0,0,0,0
0,0,0,0
0,0,0,0
0,0,0,0
0,0,0,0
0,0.4,0.8,0
0,0,0,0
0,0,0,0
0,0,0,0
0,0,0,0
0,0,0,0
0,0,0,0
0,0.2,0,0
0,0,0.4,29.8
1.6,3.6,0,2.4
3.8,14,16.2,0.4
0,0,0,5.4
0.2,1,7.4,0
0.4,0.4,0.8,0
0,0,0,0
0,0,0,0
0,0,0,0
0,0,0,0
0,0,0,0
0,0,0,0
0,0,0,0
0,0,0,0
0,0,0,0
0,0,0,0
0,0,0,0
0,0,0,0
0,0,0,0
0,0,0,0
0,0,0,0
0,0,0,0
0.4,0,0,0
0,0,0.2,0.4
12.2,6.2,0,0
0,0,0,0
0,0,0,0
0,0,0,1.4
0,0,0,0
6.8,0,3.4,0.2
0,0,0,0
0,0,0,0
0,5.6,3.8,0
0,0,0,0
0,0,0,0
0,0,0,0
0,0,0,0
0,0,0,0
0,0,0,74.2
8.2,19.6,0,0
12.4,6.8,1,1.8
0.2,15.6,33.6,3.6
0.4,1,1.4,0
0,0,0,0
0,0,6,0
0,0,0,0
0,0,0,0
0,0,0,0
0,0,0,0
0,0,0,0
0,0,0,0
0,0,0,0
0,0,0,0
0,0,0,0
0,0,0,0
0,0,0,0
0,0,0,0
0,0.6,9.6,0
0,0.6,0,0
0,0,0,0
0,0,0.2,15.6
1.6,0,9.6,0
0,0,21.4,0.8
4.2,0,0,0
0,0,0,0
0,0,0,4.2
5.8,0,0,0.2
2.4,13,2.8,2.2
7,3,2.6,0.4
0.8,0,0,0
0,0,0,0
0,0,0,0
0,0,0,0
0,0,0,0
0,0,0,0
0,0,0,0
0,0,0,0
0,0,5.2,11.6
0,0,0.6,0
0,0,0,0
16,0,0,0
0,0,0,0
0,0,0.2,1
0,0,0,0
0,0,0.2,0
0,0,2,0
0,0,0.2,0
0,0,0,0
0,0,0,2
0,0,0,4
0,0,0,0
0,19.8,2.8,46.2
1,0.6,0,0
0.2,0,0,12.2
7,0,0,0
0,0,0,0
0,0,0.2,0
0,0,4.4,18.8
0,0,0,0.8
2.6,0,0,0
0,0,2.4,14
0,0,0,0
0,0,0,0
0,0,0,0
0,0,0,0
0,0,0,0
0,0,0,0
0.2,0,0,0
0,0,0,0
0,0,10.6,0
0,0,3.8,1.4
0.2,1.8,0.6,0.2
2.2,0.4,2.2,3.8
0.4,2,0.6,0
0,0,0,0
0,0,0,0
0,0,0,0
0,0,0,0
0,0,0,0
0,0,0,0
0,0,0,0
0,0,0,0
0,0,0,0
0,0,0,0
0,0,0,0
0,0,0,0
0,0,0,0
0,0,0,3.6
0.6,3.4,28.4,6
0,0,4,8
0,0,0,0
0,0,0,0
0,0,0,0
0,0,0.6,1
0,0.2,0,0
1.2,0,0,3.4
0,0,0,0
0,0,0,0
0,0,0,0
0,0.6,2.2,10.4
1.4,0,0,1.2
0,0,2.4,0
0,0,0,0
0,0,0,0
0,0,0,0
0,0,0,0
0,0,0,0
0,0,0,0
0,0,0,0.4
0.8,0,0,0
0,0,0,0
0,0,0,0
0,0.2,0,0
0.2,0,0,0
0,0,0,0
0,0,0,0
0,0,0,0
0,0,0,0
0,0,0,0
0,0,0,0
0,0,0,0
0,0,0,2.8
1.6,4.4,2.4,1
9.8,17.8,18.6,5.6
0.4,10.2,0.6,0.4
0.8,19.2,0,0
5.4,0,0,0
10.2,5,8.2,0.6
0.8,1.2,0,0
0.2,0,1,0.4
0.6,2.6,7.8,21.8
2.4,0,0,0
0.2,0,4.2,7
9,6,34.8,13.6
2.2,3,29.2,11.8
26.6,24.8,5.8,15.6
5.6,0.6,2.8,2.8
0,0,4.2,10.8
7.8,10.2,0,0
0,0,0,0
0,0,0,0
0,4,0.4,0
0.4,1.4,0.4,0
0,0,0,0.2
1.8,0.2,0.8,0.8
0.2,0.4,0,0
0,0,0,0
0,0,0.2,0
0,0,0,0
0,0,0,0
0,0,0,0
0,0,1.8,6.4
1.2,0,0,0
0,0,0,0
0.4,1.6,0,0
0,0,0,0
0,0,0,4.8
2.6,0,0,0
0,0,0,0
0,0,0,0
0,0,0,0
0,0,0,0
0,0,0,0.2
0,0,0,0.4
0,0.8,0,0
0,0,0,0
1,4.4,10.2,5.4
13.8,2.6,0.4,0
0,0,0,0
0,0,0,8.2
4.2,0.2,0,0
0,0,0,0
0,0,0.8,0
0,0,0,0
0,0,0,0.6
6,2.4,0,0
0,0,0.2,0
0,0,0,0
0,0.2,0,0
0,0,0,0
0,0,0,0
0,0,0,0
0,0,0,0
0,0,0,0
0,0,0,0
0,0,0,0
0,0,0,0
0,0,0,0
0,0,0,0
0,0,0,0
0,0,0,1.6
5.6,14.2,17.4,0.2
0,0,0,0
0,0,0,0
0,0,0,0
0,0,0,0
0,0,0,0
0,0,0,0
0,0,0,0
0,0,0,0
0,0,0,0
0,0,0,0
0,0,0,0
0,0,0,0
0,0,0,0
0,0,0,0
0,0,0,0
0,0,0,0
0,0,0,0
0,0,0,0
0,0,0,0
0,0,0,0
0,0,0,0
0,0,0,0
0,0,0,0
0,0,0,0
0,0,0,0
0,0,0,0
0,0,0,0
0,0,0,0
0,0,0,0
0,0,0,0
0,0,0,0
0,0,0,0
0,0,0,0
0,0,0,0
0,0,0,0
0,0,0,0
0,0,0,0
0,0,0,0
0,0,0,3.6
0,0,1.8,0
0,0,0,0
0,0,0,0
0,0,0,0
0,0,0,0.2
0,0,0,0
0,0,0,0
0,0,0,0
0,0,0,0
0,0,0,0
0,0,0,0
0,0,0,0
0,0,0,0
0,0,0,0
0,0,0,0
0,0,0,0
0,0,0,0
0,0,0,0
0,0,0,0
0,0,0,0
0,0,0,0
0,0,0,0
0,0,0,0
0,0,0,0
0,0,0,0
0,0,0,0
0,0,0,0
0,0,0,0
0,0,0,0
0,0,0.2,0.4
0,0,0,0
0,0.2,0,0
0,0,0,1.8
2.8,0,0,0
0,0,0,0
0,0,0,0
0,0,0,0
0,0,0,0
0,0,0,3.2
7.6,7,0.6,0
0,0,0,8
5.6,1.6,0,0
0,0,0,0
0,0,0,0
0,0,0,0
0,0,0,0
0,0,0,0
0,0,0,0
0,0,0.4,0.2
0,0,0,0.8
0,0,0,0
0,0,0,0
0,0,0,0
0,0,0,0
0,0,0,0
0,0,0.2,2.4
0,0,0,0
0,0,0,0
0,0,0,0
0,0,0.2,1.2
0,0,0,0
0,0.2,2.8,5.8
0,0,0,0
0,0,0,0
0,0,0,0
0,0,0,0
0,0,0,0
0,0,0,0
0,0,0,0
0,0,2,1.2
0,0,0,0
0,0,0,0
0,0,0,0
0,0,0,0
0,0,0,0
0,0,0,0
0,0,0,0
0,0,0,0
0,0,0,0.4
1.2,1.8,7.6,0
0,0,0,0
0,0,0,0
0,0,0,0
0,0,0,0
0,0,0,0
0,0,0,0
0,0,0,0.2
0,0,1.6,0
0,1,29.6,5
5.2,2.6,0,0
0,0,0,0
0,0,0,0.2
0,3.4,0,0
1,0.8,0,0.2
0,0.2,0,0
0.2,0,0,0
0,0,0.2,0
0,0,0,0
0,0,0,0
0,0,0,0
0,0,0,0
0,0,0,0
0,0,0,0
0,0,0,0
0,0,0,0
0,0,0,0
0,0,0,0.6
0,4.8,2,0
0,0,0,0
0,0,0,0
0,0,0,0
0,0,0,0
0,0,0,0
0,0,0,0
0,0,0,0
0,0,0,0
0,0,0,0
0,0,0,0
29.4,0,0,19
0,0,0,0
0,0,0,0
0,0,0,0
0,0,0,0
0,0,0,0
2.8,0,0,0
0,0,0,0
0,0,0,0
0,0,0,0
0,0,0,0
0,0,0,0
0,0,0,0
0,0,0,0
0,0,0,0
0,0,0,0
0,0,0,0
0,0,0,0
0,0,0,0
0,0,0,0
0,0,0,0.2
0.2,0,0,0
0,0,0,0
0,0,0,0
0,0,0,0
0,0,0,0
20.4,0.8,0,0
0,0,0,0
0,0,0,0
0,0,0,16.6
0,0,0,0
0,0,0,0
0,0,0,0
16.8,0,0,0
0,0,0,0
0,0,0,0
0,0,0,0
0,0,0,0
0,0,0,0
0,0,0,0
0,0,0,0
0,0,0,0
0,0,0,0
0,0,0,0
0,0,0,0
0,0,0,0
0,0,0,0
0,0,0,0
0,0,0,0
0,0,0,1.6
0.2,0,0,0
0,0,0,0
0,0,0,0
0,0,0,1
2.4,0,0,0
0,0,0,0
0,0,0,0
0,0,0,4.2
0,0,0,0
0,0,0,0
0,0,0,0
0,0,0,0
0.4,0,2,0
0,0,0,0
0,0,0,0
0,0.4,0,0
0,0,0,0
0,0,0,0
0,0,0,0
0,0,0,0
0,0,0,0
0,0,0,0
7.8,1.8,0,0.2
0.2,4.8,6.8,0
0,0,0,0
0,0,0,0
0,0,0,0
0,0,0,4.4
0,0,0,0
0,0,0,0
0,0,0,0
0,0,0,0
0,0,0,0
0,0,0,0
0,0,0,0
0,0,0,0
0,0,0,0
0,0.6,0,0.6
0.8,0,0,0
0,0,0,0
0,0,0,0
0,0,0,0
0,0,0.6,0.8
0,0,0,0
0,0,0,0
0.2,0.4,0.2,0
0,0,0,0
0,0,0.4,0.2
0,0,2,12
10.4,7,0.6,0
0,0,0,0
0,0,0,0.2
0,0,0,0
0,0,0,0
0,0,0,0
0,0,0,0
0,0,0,0
0,0,0,0
1.4,3.2,0,0
0,0,0,0
0,0,0,0
0,0,0,0
0,0,0,0
0,0,0,0.2
1,6,0,0
0,0,0,0
1.8,0,0,0.8
1.6,15.8,16,0
0,0,0,0
0,0,0,0
0,0,0.2,6.8
2.2,0,0,0
0,0,0,0
0,3.2,0.2,0
0,0,0,0
8.2,10.6,27.8,4.2
0,0,0,0
0,0,0,0
0,0,0,0
0,0,0,0
0,0,0,0
0,0,0,0
0,0,0,1.2
6.6,13.2,2.6,0.6
0,0,0,0
0,0,0,0
0,0,0,0
0,0,0,0
0,0,0,0
0,0,0,0
0,0,0,0.6
0.2,4.6,5.4,9.4
0.4,0,0,0
0,0,0,0
0,0,0,0.2
0,0.2,0,0
0,0.2,0.2,0
0.2,2.8,1,2.6
5.4,3.8,3.4,0.2
0.4,15.2,26.2,6.8
0.4,0,4.6,5
1.2,3.6,0.2,0.6
1.4,12.6,10.6,0
0,0,0,0
0,0,0,0
0.2,0,0,4.2
0.6,7.4,7,2
1,0.8,0.2,0.4
1.6,1.6,0,0
0,3.8,4.8,0
0,0,0,0
0,0,0,0
0,0,0,0
0,0,0,0
0,0,0,0
0.2,0.4,0,1.2
0,0,0,0
0,0,0,0
0,0,0,0
0,0,0,0
0,0,0,0
0,0,0,0
0,0,0,0
0,0,0,0
0,0,0,0
0,0,0,1
1.4,0.6,0,0
0,0,0,0
0,0,0,0
0,0,0,0
0,0,0,0
0,0,0.4,9.2
12.2,8.4,13.6,16.6
12,4.4,4.8,9.2
8.6,0,0,0
0,0,0,0
0,0,0,0
0,0,0,0
0,0,0,0
0,0,0,0
0,0,0,0
0,0,0,0
0,0,0,0
0,0,0,0
0,0,0,0
0,0,0,0
0,0,0,0
0,0,0,0
0,0,0,0
0,0,0,0
0,0,0,0
0,0,0,0
0,0,0,0
0,0,0,0
0,0,0,0
0,0,0,0
0,0,0,0
0,0,0,0
0,0,0,0
0,0,0,0
0,0,0,0
0,0,0,0
0,0,0,0
0,0,0,0
0,0,0,0
0,0,0,0
0,0,0,0
0,0,0,0
0,0,0,0
0,0,0,0
0,0,0,0
0,0,0,0
0,0,0,0
0,0,0,0
0,0,0,0
0,0,0,0
0,0,0,0
0,0,0,0
0,0,0,0
0,0,0,0
0,0,0,0
0,0,0,0
0,0,0,0
0,0,0,0
0,0,0,0
0,0,0,0
0,0,0,0
0,0,0,0
0,0,0,0
0,0,0,0
0,0,0,0
0,0,0,0
0,0,0,0
0,0,0,0
0,0,0,0
0,0,0,0
0,0,0,0
0,0,0,0
0,0,0,0
0,0,0,0
0,0,0,0
0,0,0,0
1.6,0.2,0.2,1.2
1.4,0,0.8,0
0,0,0,0
0,0,0,0
0,3.6,5,1.4
9,7,1.4,0
0,0,0,0
0,0,0,0
0,0,0,0
0,0,0,0
0,0,0,0
0,0,0,0
0,0,0,0
0,0,0,0
0,0,0,0
0,0,0,0
0,0,0,24.6
14,9.2,0.8,0
0,0,0,0
0,0,0,1.4
1.6,0,11.8,2.4
0,0,0,0
0,0,0,0
0,0,0,0
0,0,0,0
0,0,0,0
0,0,0,0
0,0,0,0
0,0,0,0
0,0,0,0
0,0,0,0
0,0,0,0.2
0,0,0,0
0,0,0,0
1.8,8,13.8,7
6.4,0.4,0,0
0,0,0,0
0,0,0,0
0,0,0,0
0,0,0,0
0,0,4,2.6
0.2,0.2,0.4,2.8
0.2,0,0,0
1.2,0,22.8,0
1.6,7.8,20,0
0,0,0,0
0,0,0,0
0,0,0,0
0,0,0,0
0,0,0,0
0,0,0,0
0,0,0,0
0,0,0,0
0,0,0,0
0,0,3.8,14
35,9.4,3.6,4.4
0,0,0,0
0,0,0.2,0
0,9.6,11,6.8
6.6,1.8,18,3.2
15,4.8,2.6,0.6
3.2,0,0,0
0,0,4.6,0.2
0.2,0,0.2,0
0,0,0.2,0
0,0,0,0
0,0,4.4,0
0,0,0,0
0,0,0,0
0,0,0,0
0,0,0,0
0,0,0,0
0,0,0,0
0,0,0,0
0,0,0,0
0,0,0,0
0,0,0,0
0,0,1,1.8
0,0,0,0
0,0,0,0
0,0,0,0
0,0,0,0
0,0,0,0
0.2,0,6.6,0.2
0,0,0,0
0,0,0,0
0,0,0,0
0,0,0,0
0,0,1.2,0
0,0,0,0
0,0,0.6,0
0,0,0,0
0,0,0,0
0,0,0,0
0,0,0,0
0,0,0,0
0,0,0,0
0,0,0,0
0,0,0,0
0,0,3,0
0,0.2,0,0
0,0,0,1.2
0,0,0,0
0,0,0,0
0,0,0,0
0,0,0,0.4
0.2,2.4,0,0
0,0,0,0.4
0,0,0,0
0,0,0,0
0,0,0,0
0,0,0,1
0.2,0,0,0
0,0,0,0
0,0,0,0
0,0,0,0
0,0,0,0
0,0,0,0
0,0,0,0
0,0,0,0
0,0,0,0
0,0,0,0
0,0,0,0
0,0,0,0
0.2,4.2,1.4,0.6
0.6,0,0,0
0,0,0,0
0,0,0,2
11.6,0,7.8,0
0,0,10.6,4
0,0,0,0
0,0,0,0
0,0,0,0
0,0,0,0
0,0,0,0
0,0,0,0
0,0,0,0
11,0.2,0,0
0,0,0,0
0,0,0,0
0,3.2,2.8,0.8
0.2,0,0,0
0,0,0,2.8
0,0,0,0
0,0,0,0
0,0,0,0
0,0,0,0
0,0,0,0
0,0,0,0
0,0,0,0
0,0,0,0
0,0,0,24.6
0.2,0.6,0,0
0,0.4,0,0
0,0,0,0
6.6,0,0,0
0.2,0,0,0
0,0.4,0,0
0,0,0,0
0,0,0,0
0,0,0,0
0,0,0,0
0,0,0,0
0,0,0,0
0,0,0,0
0,0,0,0
0,0,0,0
0,0,0,0
0,0.6,0,0
0,0,0,0
0,0,0,0
1.6,0,0,0
0,0,0,0
0,0,0,0
0,0,0,0
0,0,0,0
0,0,0,0
0,0,0,0
0,0,0,0
0,0,0,0
0,0,0,0
0,0,0,0
0,0,0,0
0,0,0,0
0,0,0,0
0,0,0,0
0,0,0,0
0,0,0,0
0,0,0,0
0,0,0,0
0,8.2,0,0
0,0,0,0
0,0,11.4,4.4
0,0,0,3.4
5,2,1.4,0
0,0,0,0
0,0,0,0
0,0,0,0
0,0,0,0
0,0,0,0
0,0,0,0
0,0,0,0
0,0,0,0
0,0,0,0
0,0,0,0
0,0,0,0
0,0,0,0
0,0,0,0
0,0,0,0
0,0,0,0
0,0,0,0
0,0,0,0
0,0,0,0
0,0,0,0
0,0,0,0
0,0,0,0.8
0,0,0,0
0,0,0,0
0,0,6.6,5.8
0,0,0,2.2
0.2,0.4,0,0
0,0,0,0
0,0,0,9.8
1,0,0,1.4
0,0,0,0
0,0,0,0
0,0,0,0
0,0.4,4.4,0.8
0,0,0,2.6
1.2,0.2,0,0.2
7.4,0.6,0,0
0,0,0,0
0,0,0,0
0,0,0,0
0,0,0.2,6.8
0.2,0.2,7.6,0
2.4,0.4,0.8,5.2
8,1.6,0,1.4
0,0,0,0
6.8,2.4,0,0.2
10,3,10.4,3.6
15.2,2.2,0,0
0,0,0,0
0,0,0,0
0,0,0,0
0,0,0,0
0,0,0,0
0,0,0,0
0,0,0,0
0,0,0,0
0,0,0,0
0,0,0,0
0,0,0,0
0,0,0,0
0,0,0,0
0,0,0,0
0,0,0,0
0,0,0,0
0,0,0,0
0,0,0,0
0,0,0,0
0,0,0,0
0,0,0,0
0,0,0,0
0,0,0,0
0,0,0,0
0,0,0,0
0,0,0.4,1.6
12.6,15.4,14.4,18.2
21.6,18,0,3.2
0,0.6,0,0
0,0.4,0,0
0.6,0,0,0
0,0,0,0
0.6,0.2,0,0
0,0.4,0,0
0,0,0,0
0,0,0,0
0,0,0,0
0,0,0,0
0,0,0,0
0,0,0,0
0,0,0,0
0,0,0,2.6
0,0,0,0
0,0,0,0
0,0,0,0
0,0,0,0
0,0,0,0
0,0,0,0
0,0,0,0
0,0,0,0
0,0,0,0
0,0,0,0
0,0,0,0
0,0,0,0
0,0,0.2,0.6
1.2,0.2,0.8,0.4
0,0,0,0
0,0,0,0
0,0,0,0
0,0,0,0
0,0,0,0
0,0,0,0
0,0,0,0
0,0,0,0
0,0,0,0
0,0,0,0
0,0,0,0
0,0,0,0
0,0,0,0
0,0,0,0
0,0,0,0
0,0,0,0
0,0,0,0
0,0,0,0
0,0,0,0
0,0,0,0
0,1,0,0
0,0,0,0
0,0,0,0
0,0,0,0
0,0,0,0
0,1,0,0
0.2,0,0,0
0,0,0,0
0,0,0,0
0,0,0,0
0,0,0,0
0,0,0,0
0,0,0,0
0,0,0,0
0,0,0,0
0,0,0,0
0,0,0,0
0,0,0,0
0,0,0,0
0,0,0,0
0,0,0,0
0,0,0,0
0,0,0,0
0,0,0,0
0,0,0,0
0,0,0,0
0,0,0,0
0,0,0,0
0,0,0,0
0,0,0,0
0,0,0,0
0,0,0,0
0,0,0,0
0,0,0,0
0,0.2,0.2,0
0.6,0,0,0
0,0,0,0
0,0.6,1,1.4
1.2,0,0,0
0,0,0,0
0,0,0.2,0
1.4,0,0,0
0,0,0,0
0,0,0,0
0,0.4,0,0
8.4,0,0,0
0,0,0,0
0,0,0,0
0,0,0,0
0,0,0,0
0,0,0,0
0,0,0,0
0,0,0,0
0,0,0,0
0,0,0,0
0,0,0,0
0,0,0,0
0,0,0,0
0,0,0,0
0,0,0,0
0,0,0,0
0,0,0,0
0,0,0,0
0,0,0,0
0,0,0,0
0,0,0,2
0,0,0,0
0,0,13.2,0.4
0,1.6,0.6,0
0,0,0,0
0,0,0,0
0,8.6,8.6,0
0,0,4,8.6
0.2,0,0,0
0,0,0,0
0,0,0,0
0,0,0,0
0,0,0,0
0,0,0,0
0,0.2,1,0
0.2,6,7.4,4.8
2.2,12.8,0.4,0
0,0,0,1
0.6,0.6,0,1.2
0,0.2,1.4,0
0,0,0,0
0,0,0,0
0,0,0,0
15.2,4,0,0.6
2,1,0,0
0,0,0,0
0,4.8,0.8,8.4
0.4,0,0,0
0,0,0,0
0,0,0,0
0,0,0,0
0,0,0,0
0,0,0,0
1.6,4.8,7.6,5.2
5,0,0,0
0,0,0,0
0,0,0,0
0,0,0,0
0,0,0,0
0,0,0,0
0,0,2,0
0,0,0,0
0,9.4,0,0
0,0,0,0
0,0,0,0
0,0,0,0
0,0,0,0
2.6,0,0,0
0,0,0,0.2
0,0,0,0
0,0,0,0
0.4,1,0,0
0,0,0,0
0.2,3,13.8,0
0.2,0.8,11.8,22.2
3,0,0,0
0,0,0,0
0,0,0,0
0,0,0,0
0,0,0,0
0.4,10.6,1.8,0
0,0,0,0
0,0,0,0
0,0,0,0
0,0,0,0
0,0,0,0
0,0,0,0
0,0,0,0
0,0,0,0
0,0,0,0
0,0,0,0
0,0,0,0
0,0,0,0
0,0,0.4,0.2
0,0.2,0,0
0,0.2,0,0
0,0,0,0
0,0,0,0
0,0,0,0
0,0,0,0
0,0,0.2,0
0,0,0,0
0,2.2,2.4,1.6
0.8,1.4,0.4,8
0,0,0,0
0,0,0,0
0,0,0,0
0,0,0,0
0,0,0,0
0,0,0,0
0,0,0,0
0,0,0,0
0,0,0,0
0,0,0,0
0,0,0,0
0,0,0,0
0,0,0,0
0,0,0,0
0,0,0,0
0,0,0,0
0,0,0,0
0,0,0,0
0,0,0,0
0,0,0,0
0,0,0,0
0,0,0,0
0,0,0,0
0,0,0,0
0,0,0,0
0,0,0,0
0,0,0,0
0,0,0,0
0,0,0,0
0,0,0,0
0,0,0,0
0,0,0,0
0,0,0,0
0,0,0,0
0,0,0,0
0,0,0,0
0,0,0,0
0,0,0,0
0,0,0,0
0,0,0,0
0,0,0,0
0,0,0,0
0,0,0,0
0,0,0,0
0,0,0,0
0,0,0,0
0,0,0,0
0,0,0,0
0,0,0,0
0,0,0,0
0,0,0,0
0,0,0,0
0,0,0,0
0,0,0,0
0,0,0,0
0,0,0,0
0,0,0,0
0,0,0,0
0,0,0,0
0,0,0,0
0,0,0,0
0,0,0,0
0,0,0,0
0,0,0,0
0,0,0,0
0,0,0,0
0,0,0,0
0,0,0,0
0,0,0,0
0,0,0,0
0,0,0,0
0,0,0,0
0,0,0,0
0,0,0,0
0,0,0,0
0,0,0,0
0,0,0,0
0,0,0,0
0,0,0,0
0,0,0,0
0,0,0,0
0,0,0,0
0,0,0,0
0,0,0,0
0,0,0,0
0,0,0,0
0,0,0,0
0,0,0,0
0,0,0,0
0,0,0,0
0,0,0,0
0,0,0,0
0,0,0,0
0,0,0,0
0,0,0,0
0,0,0,0
0,0,0,0
0,0,0,0
0,0,0,0
0,0,0,0
0,0,0,0
0,0,0,0
0,0,0,0
0,0,0,0
0,0,0,0
0,0,0,0
0,0,0,0
0,0,0,1.2
3.2,22.2,18,3.2
8.2,10.8,11,4.8
0,0,0,0
0,1.6,2.6,2.8
0,1.2,0,2.6
6,0,0,0
0,0,0,0
0,0,0,0
0,0,0,0
0,0,0,0
0,0,0,0
0,0,0,0
0,0,0,0
0,0,0,0
0,0,0,0
0,0,0,0
0,0,0,0
0,0,0,0.4
4.2,0.2,0,0.2
0,0,0,0
0,0,0,0
0,0,0,0
0,0,0,0
0,0,0,0
0,0,0,0
0,0,0,0
0,0,0,0
11,0,0,0
0,0,0,0
0,0.2,0,0.8
5.6,2.2,0,0
0,0,0,0
0,0,0,0
0,1.4,8.2,0
0,0,0,0
0.2,0,0,0
0,0,0,0
0,0,0,0
0,0,0,0
0,0,0,0
0,0,0,0
0,0,0,0
0,0,0,0
0,0,0,0
0,0,0,0
0,0,0,0
0,0,0,0
0,0,0,0.6
0,0,0,0
0,0,0,0
0,0,0,0
0,0,0,0
0,0,0,0
0,0,0,0
0,0.6,0.4,0
0,4.2,3.6,0.8
0,1.2,0,0
0,0,0,0
0.4,3.6,4.4,0.8
0,0,0,0
0,89.2,0,0
0,0,0,0
0,0,0,0
0,1.2,3.2,0
0,1.8,4.8,1.4
1,0,0,0
0,0,0,0
0,0,0,0
0,0.8,0.8,0
0,0,0,0
0,0,0,0
0,0,0,0
0,0,0,0
0,0,0,0.2
0,0,0,0
0,0,0,0
0,0,0,0
0.4,0,0,0
0,0,0,0
0,0,0,0
0,0,0,0
0,0,0,0
0,0,0,0
0,0,0,0
0,0,0,0
0,0,0,0
0,0,0,4.4
1.6,1.6,0.2,0
0,1.8,0,0
0,3.6,0,0
0,0,0,0
